[
    {
        "id": "chaotic_grip",
        "iconID": "actorconditions_1:96",
        "name": "Chaotic grip",
        "category": "mental",
        "abilityEffect": {
            "increaseBlockChance": -10,
            "increaseDamageResistance": -1
        }
    },
    {
        "id": "chaotic_curse",
        "iconID": "actorconditions_1:89",
        "name": "Chaotic curse",
        "category": "mental",
        "abilityEffect": {
            "increaseMaxAP": -1,
            "increaseAttackDamage": {
                "min": -1,
                "max": -1
            },
            "increaseBlockChance": -10,
            "increaseDamageResistance": -1
        }
    }
]
