[
    {
        "id": "food",
        "iconID": "actorconditions_1:35",
        "name": "Sustenance",
        "category": "physical",
        "isPositive": 1,
        "roundEffect": {
            "increaseCurrentHP": {
                "min": 1,
                "max": 1
            }
        }
    },
    {
        "id": "foodp",
        "iconID": "actorconditions_2:2",
        "name": "Food-poisoning",
        "category": "physical",
        "roundEffect": {
            "increaseCurrentHP": {
                "min": -1,
                "max": -1
            }
        }
    }
]
