[
    {
        "id": "contagion",
        "iconID": "actorconditions_1:58",
        "name": "Insect contagion",
        "category": "blood",
        "abilityEffect": {
            "increaseAttackChance": -10,
            "increaseAttackDamage": {
                "min": -1,
                "max": -1
            }
        }
    },
    {
        "id": "blister",
        "iconID": "actorconditions_1:15",
        "name": "Blistering skin",
        "category": "blood",
        "roundEffect": {
            "visualEffectID": "redSplash",
            "increaseCurrentHP": {
                "min": -1,
                "max": -1
            }
        }
    },
    {
        "id": "stunned",
        "iconID": "actorconditions_1:95",
        "name": "Stunned",
        "category": "physical",
        "abilityEffect": {
            "increaseMaxAP": -2,
            "increaseMoveCost": 8,
            "increaseAttackCost": 5
        }
    },
    {
        "id": "focus_dmg",
        "iconID": "actorconditions_1:70",
        "name": "Focused damage",
        "category": "mental",
        "isPositive": 1,
        "abilityEffect": {
            "increaseAttackCost": 1,
            "increaseAttackDamage": {
                "min": 3,
                "max": 3
            }
        }
    },
    {
        "id": "focus_ac",
        "iconID": "actorconditions_1:98",
        "name": "Focused accuracy",
        "category": "mental",
        "isPositive": 1,
        "abilityEffect": {
            "increaseAttackCost": 1,
            "increaseAttackChance": 40
        }
    },
    {
        "id": "poison_irdegh",
        "iconID": "actorconditions_1:60",
        "name": "Irdegh poison",
        "category": "blood",
        "isStacking": 1,
        "roundEffect": {
            "visualEffectID": "greenSplash",
            "increaseCurrentHP": {
                "min": -1,
                "max": -1
            }
        }
    }
]
