[
    {
        "id": "rotworm",
        "iconID": "actorconditions_1:82",
        "name": "Kazaul rotworms",
        "category": "physical",
        "abilityEffect": {
            "increaseMaxHP": -15,
            "increaseMaxAP": -3,
            "increaseDamageResistance": -1
        }
    },
    {
        "id": "shadowbless_str",
        "iconID": "actorconditions_1:70",
        "name": "Blessing of Shadow strength",
        "category": "spiritual",
        "isPositive": 1,
        "abilityEffect": {
            "increaseAttackDamage": {
                "min": 1,
                "max": 1
            }
        }
    },
    {
        "id": "shadowbless_heal",
        "iconID": "actorconditions_1:35",
        "name": "Blessing of Shadow regeneration",
        "category": "spiritual",
        "isPositive": 1,
        "roundEffect": {
            "visualEffectID": "blueSwirl",
            "increaseCurrentHP": {
                "min": 1,
                "max": 1
            }
        }
    },
    {
        "id": "shadowbless_acc",
        "iconID": "actorconditions_1:98",
        "name": "Blessing of Shadow accuracy",
        "category": "spiritual",
        "isPositive": 1,
        "abilityEffect": {
            "increaseAttackChance": 30
        }
    },
    {
        "id": "shadowbless_guard",
        "iconID": "actorconditions_1:91",
        "name": "Shadow guardian blessing",
        "category": "spiritual",
        "isPositive": 1,
        "abilityEffect": {
            "increaseMaxHP": 30,
            "increaseDamageResistance": 1
        }
    },
    {
        "id": "crit1",
        "iconID": "actorconditions_1:89",
        "name": "Internal bleeding",
        "category": "physical",
        "isStacking": 1,
        "abilityEffect": {
            "increaseAttackCost": 1,
            "increaseAttackChance": -50,
            "increaseAttackDamage": {
                "min": -3,
                "max": -3
            }
        }
    },
    {
        "id": "crit2",
        "iconID": "actorconditions_1:89",
        "name": "Fracture",
        "category": "physical",
        "isStacking": 1,
        "abilityEffect": {
            "increaseBlockChance": -50,
            "increaseDamageResistance": -2
        }
    },
    {
        "id": "concussion",
        "iconID": "actorconditions_1:80",
        "name": "Concussion",
        "category": "physical",
        "isStacking": 1,
        "abilityEffect": {
            "increaseAttackChance": -30
        }
    }
]
