[
    {
        "id": "cavemonster",
        "items": [
            {
                "itemID": "gold",
                "quantity": {
                    "min": 4,
                    "max": 12
                },
                "chance": 70
            },
            {
                "itemID": "gem2",
                "quantity": {
                    "min": 1,
                    "max": 1
                },
                "chance": 25
            },
            {
                "itemID": "hammer0",
                "quantity": {
                    "min": 1,
                    "max": 1
                },
                "chance": 5
            },
            {
                "itemID": "health_minor",
                "quantity": {
                    "min": 1,
                    "max": 1
                },
                "chance": 25
            }
        ]
    },
    {
        "id": "snake",
        "items": [
            {
                "itemID": "gold",
                "quantity": {
                    "min": 3,
                    "max": 6
                },
                "chance": 70
            },
            {
                "itemID": "meat",
                "quantity": {
                    "min": 1,
                    "max": 1
                },
                "chance": 30
            },
            {
                "itemID": "gland",
                "quantity": {
                    "min": 1,
                    "max": 1
                },
                "chance": 5
            }
        ]
    },
    {
        "id": "haunt",
        "items": [
            {
                "itemID": "vial_empty1",
                "quantity": {
                    "min": 1,
                    "max": 1
                },
                "chance": 25
            },
            {
                "itemID": "gem1",
                "quantity": {
                    "min": 1,
                    "max": 1
                },
                "chance": 25
            }
        ]
    },
    {
        "id": "cavecritter",
        "items": [
            {
                "itemID": "gold",
                "quantity": {
                    "min": 4,
                    "max": 8
                },
                "chance": 70
            },
            {
                "itemID": "gem1",
                "quantity": {
                    "min": 1,
                    "max": 1
                },
                "chance": 25
            },
            {
                "itemID": "claws",
                "quantity": {
                    "min": 1,
                    "max": 1
                },
                "chance": 30
            }
        ]
    },
    {
        "id": "lich1",
        "items": [
            {
                "itemID": "gold",
                "quantity": {
                    "min": 5,
                    "max": 15
                },
                "chance": 70
            },
            {
                "itemID": "gem2",
                "quantity": {
                    "min": 1,
                    "max": 1
                },
                "chance": 25
            },
            {
                "itemID": "health_minor",
                "quantity": {
                    "min": 1,
                    "max": 1
                },
                "chance": 25
            }
        ]
    },
    {
        "id": "irogotu",
        "items": [
            {
                "itemID": "neck_irogotu",
                "quantity": {
                    "min": 1,
                    "max": 1
                },
                "chance": 100
            },
            {
                "itemID": "ring_gandir",
                "quantity": {
                    "min": 1,
                    "max": 1
                },
                "chance": 100
            },
            {
                "itemID": "health",
                "quantity": {
                    "min": 1,
                    "max": 1
                },
                "chance": 100
            }
        ]
    },
    {
        "id": "canineboss",
        "items": [
            {
                "itemID": "gold",
                "quantity": {
                    "min": 1,
                    "max": 1
                },
                "chance": 70
            },
            {
                "itemID": "hair",
                "quantity": {
                    "min": 1,
                    "max": 1
                },
                "chance": 30
            },
            {
                "itemID": "meat",
                "quantity": {
                    "min": 1,
                    "max": 1
                },
                "chance": 30
            },
            {
                "itemID": "boots1",
                "quantity": {
                    "min": 1,
                    "max": 1
                },
                "chance": 5
            }
        ]
    },
    {
        "id": "snakemaster",
        "items": [
            {
                "itemID": "gold",
                "quantity": {
                    "min": 9,
                    "max": 9
                },
                "chance": 70
            },
            {
                "itemID": "dagger_venom",
                "quantity": {
                    "min": 1,
                    "max": 1
                },
                "chance": 100
            },
            {
                "itemID": "gem3",
                "quantity": {
                    "min": 1,
                    "max": 1
                },
                "chance": 100
            },
            {
                "itemID": "health",
                "quantity": {
                    "min": 1,
                    "max": 1
                },
                "chance": 100
            }
        ]
    }
]
