[
    {
        "id": "shop_audir",
        "items": [
            {
                "itemID": "axe2",
                "quantity": {
                    "min": 1,
                    "max": 1
                },
                "chance": 100
            },
            {
                "itemID": "axe_black1",
                "quantity": { "min": 1, "max": 1 },
                "chance": 100
            },
            {
                "itemID": "club1",
                "quantity": {
                    "min": 1,
                    "max": 1
                },
                "chance": 100
            },
            {
                "itemID": "ironsword0",
                "quantity": {
                    "min": 1,
                    "max": 1
                },
                "chance": 100
            },
            {
                "itemID": "hammer0",
                "quantity": {
                    "min": 1,
                    "max": 1
                },
                "chance": 100
            },
            {
                "itemID": "club3",
                "quantity": {
                    "min": 1,
                    "max": 1
                },
                "chance": 100
            },
            {
                "itemID": "qtrstaff",
                "quantity": { "min": 1, "max": 1 },
                "chance": 100
            },
            {
                "itemID": "rusted_iron_sword",
                "quantity": {
                    "min": 1,
                    "max": 1
                },
                "chance": 100
            },
            {
                "itemID": "ironsword1",
                "quantity": {
                    "min": 1,
                    "max": 1
                },
                "chance": 100
            },
            {
                "itemID": "broadsword1",
                "quantity": {
                    "min": 1,
                    "max": 1
                },
                "chance": 100
            },
            {
                "itemID": "ironsword2",
                "quantity": {
                    "min": 1,
                    "max": 1
                },
                "chance": 100
            },
            {
                "itemID": "shortsword1",
                "quantity": {
                    "min": 1,
                    "max": 1
                },
                "chance": 100
            },
            {
                "itemID": "longsword_hard_iron",
                "quantity": {
                    "min": 1,
                    "max": 1
                },
                "chance": 100
            },
            {
                "itemID": "clmr_rst",
                "quantity": { "min": 1, "max": 1 },
                "chance": 100
            },
            {
                "itemID": "clmr_irn1",
                "quantity": { "min": 1, "max": 1 },
                "chance": 100
            },
            {
                "itemID": "broken_buckler",
                "quantity": {
                    "min": 1,
                    "max": 1
                },
                "chance": 100
            },
            {
                "itemID": "shield_crude_wooden",
                "quantity": {
                    "min": 1,
                    "max": 1
                },
                "chance": 100
            },
            {
                "itemID": "shield_cracked_wooden",
                "quantity": {
                    "min": 1,
                    "max": 1
                },
                "chance": 100
            },
            {
                "itemID": "shield_wooden_buckler",
                "quantity": {
                    "min": 1,
                    "max": 1
                },
                "chance": 100
            },
            {
                "itemID": "shield3",
                "quantity": {
                    "min": 1,
                    "max": 1
                },
                "chance": 100
            },
            {
                "itemID": "boots_crude_leather",
                "quantity": {
                    "min": 1,
                    "max": 1
                },
                "chance": 100
            }
        ]
    },
    {
        "id": "shop_vg_armorer",
        "items": [
            {
                "itemID": "shield1",
                "quantity": {
                    "min": 1,
                    "max": 1
                },
                "chance": 100
            },
            {
                "itemID": "shield4",
                "quantity": {
                    "min": 1,
                    "max": 1
                },
                "chance": 100
            },
            {
                "itemID": "hglv_irn",
                "quantity": { "min": 1, "max": 1 },
                "chance": 100
            },
            {
                "itemID": "hglv_chml",
                "quantity": { "min": 1, "max": 1 },
                "chance": 100
            },
            {
                "itemID": "shield_wooden",
                "quantity": {
                    "min": 1,
                    "max": 1
                },
                "chance": 100
            },
            {
                "itemID": "hat3",
                "quantity": {
                    "min": 1,
                    "max": 1
                },
                "chance": 100
            },
            {
                "itemID": "hat4",
                "quantity": {
                    "min": 1,
                    "max": 1
                },
                "chance": 100
            },
            {
                "itemID": "hat_leather1",
                "quantity": {
                    "min": 1,
                    "max": 1
                },
                "chance": 100
            },
            {
                "itemID": "hat_hard_leather",
                "quantity": {
                    "min": 1,
                    "max": 1
                },
                "chance": 100
            },
            {
                "itemID": "boots5",
                "quantity": {
                    "min": 1,
                    "max": 1
                },
                "chance": 100
            },
            {
                "itemID": "hboot_wirn",
                "quantity": { "min": 1, "max": 1 },
                "chance": 100
            },
            {
                "itemID": "hboot_irn",
                "quantity": { "min": 1, "max": 1 },
                "chance": 100
            },
            {
                "itemID": "armor_chain1",
                "quantity": {
                    "min": 1,
                    "max": 1
                },
                "chance": 100
            },
            {
                "itemID": "armor_chain2",
                "quantity": {
                    "min": 1,
                    "max": 1
                },
                "chance": 100
            },
            {
                "itemID": "armour_rigid_chain",
                "quantity": {
                    "min": 1,
                    "max": 1
                },
                "chance": 100
            },
            {
                "itemID": "chmail2",
                "quantity": { "min": 1, "max": 1 },
                "chance": 100
            },
            {
                "itemID": "hvbdy_rust",
                "quantity": { "min": 1, "max": 1 },
                "chance": 100
            }
        ]
    },
    {
        "id": "shop_vg_smith",
        "items": [
            {
                "itemID": "hammer1",
                "quantity": {
                    "min": 1,
                    "max": 1
                },
                "chance": 100
            },
            {
                "itemID": "club_fine_wooden",
                "quantity": {
                    "min": 1,
                    "max": 1
                },
                "chance": 100
            },
            {
                "itemID": "longsword_hard_iron",
                "quantity": {
                    "min": 1,
                    "max": 1
                },
                "chance": 100
            },
            {
                "itemID": "axe_fine_iron",
                "quantity": {
                    "min": 1,
                    "max": 1
                },
                "chance": 100
            },
            {
                "itemID": "sword_hard_iron",
                "quantity": {
                    "min": 1,
                    "max": 1
                },
                "chance": 100
            },
            {
                "itemID": "clmr_bers",
                "quantity": { "min": 1, "max": 1 },
                "chance": 100
            },
            {
                "itemID": "clmr_msv",
                "quantity": { "min": 1, "max": 1 },
                "chance": 100
            },
            {
                "itemID": "broadsword_fine_iron",
                "quantity": {
                    "min": 1,
                    "max": 1
                },
                "chance": 100
            },
            {
                "itemID": "broadsword2",
                "quantity": {
                    "min": 1,
                    "max": 1
                },
                "chance": 100
            },
            {
                "itemID": "sword_fencing",
                "quantity": {
                    "min": 1,
                    "max": 1
                },
                "chance": 100
            }
        ]
    },
    {
        "id": "shop_hadracor",
        "items": [
            {
                "itemID": "axe1",
                "quantity": {
                    "min": 1,
                    "max": 1
                },
                "chance": 100
            },
            {
                "itemID": "woodcutter_hatchet",
                "quantity": {
                    "min": 1,
                    "max": 1
                },
                "chance": 100
            },
            {
                "itemID": "axe_gutsplitter",
                "quantity": {
                    "min": 1,
                    "max": 1
                },
                "chance": 100
            },
            {
                "itemID": "hammer_skullcrusher",
                "quantity": {
                    "min": 1,
                    "max": 1
                },
                "chance": 100
            },
            {
                "itemID": "axe_black2",
                "quantity": { "min": 1, "max": 1 },
                "chance": 100
            },
            {
                "itemID": "graxe_black",
                "quantity": { "min": 1, "max": 1 },
                "chance": 100
            },
            {
                "itemID": "armour_crude_leather",
                "quantity": {
                    "min": 1,
                    "max": 1
                },
                "chance": 100
            },
            {
                "itemID": "armour_rigid_leather",
                "quantity": {
                    "min": 1,
                    "max": 1
                },
                "chance": 100
            },
            {
                "itemID": "gloves1",
                "quantity": {
                    "min": 1,
                    "max": 1
                },
                "chance": 100
            },
            {
                "itemID": "gloves_woodcutter",
                "quantity": {
                    "min": 1,
                    "max": 1
                },
                "chance": 100
            },
            {
                "itemID": "woodcutter_boots",
                "quantity": {
                    "min": 1,
                    "max": 1
                },
                "chance": 100
            }
        ]
    },
    {
        "id": "shop_siola",
        "items": [
            {
                "itemID": "broadsword_fine_iron",
                "quantity": {
                    "min": 1,
                    "max": 1
                },
                "chance": 100
            },
            {
                "itemID": "broadsword2",
                "quantity": {
                    "min": 1,
                    "max": 1
                },
                "chance": 100
            },
            {
                "itemID": "broadsword_fine_steel",
                "quantity": {
                    "min": 1,
                    "max": 1
                },
                "chance": 100
            },
            {
                "itemID": "club_wood1",
                "quantity": {
                    "min": 1,
                    "max": 1
                },
                "chance": 100
            },
            {
                "itemID": "heavy_club",
                "quantity": {
                    "min": 1,
                    "max": 1
                },
                "chance": 100
            },
            {
                "itemID": "club_brutal",
                "quantity": {
                    "min": 1,
                    "max": 1
                },
                "chance": 100
            },
            {
                "itemID": "club_wood2",
                "quantity": {
                    "min": 1,
                    "max": 1
                },
                "chance": 100
            },
            {
                "itemID": "clmr_def1",
                "quantity": { "min": 1, "max": 1 },
                "chance": 100
            },
            {
                "itemID": "scptr_runed",
                "quantity": { "min": 1, "max": 1 },
                "chance": 100
            },
            {
                "itemID": "shield6",
                "quantity": {
                    "min": 1,
                    "max": 1
                },
                "chance": 100
            },
            {
                "itemID": "shield7",
                "quantity": {
                    "min": 1,
                    "max": 1
                },
                "chance": 100
            },
            {
                "itemID": "helm_crude_iron",
                "quantity": {
                    "min": 1,
                    "max": 1
                },
                "chance": 100
            }
        ]
    },
    {
        "id": "shop_minarra",
        "items": [
            {
                "itemID": "sword_challengers",
                "quantity": {
                    "min": 1,
                    "max": 1
                },
                "chance": 100
            },
            {
                "itemID": "steelsword1",
                "quantity": {
                    "min": 1,
                    "max": 1
                },
                "chance": 100
            },
            {
                "itemID": "sword_defenders",
                "quantity": {
                    "min": 1,
                    "max": 1
                },
                "chance": 100
            },
            {
                "itemID": "sword_balanced_steel",
                "quantity": {
                    "min": 1,
                    "max": 1
                },
                "chance": 100
            },
            {
                "itemID": "clmr_irn2",
                "quantity": { "min": 1, "max": 1 },
                "chance": 100
            },
            {
                "itemID": "shield5",
                "quantity": {
                    "min": 1,
                    "max": 1
                },
                "chance": 100
            },
            {
                "itemID": "shield_wooden_defender",
                "quantity": {
                    "min": 1,
                    "max": 1
                },
                "chance": 100
            },
            {
                "itemID": "armour_superior_chain",
                "quantity": {
                    "min": 1,
                    "max": 1
                },
                "chance": 100
            },
            {
                "itemID": "armour_chain_champ",
                "quantity": {
                    "min": 1,
                    "max": 1
                },
                "chance": 100
            },
            {
                "itemID": "ltbdy_chmail",
                "quantity": { "min": 1, "max": 1 },
                "chance": 100
            },
            {
                "itemID": "ltbdy_lthr",
                "quantity": { "min": 1, "max": 1 },
                "chance": 100
            },
            {
                "itemID": "gloves_guards",
                "quantity": {
                    "min": 1,
                    "max": 1
                },
                "chance": 100
            },
            {
                "itemID": "hglv_plat2",
                "quantity": { "min": 1, "max": 1 },
                "chance": 100
            },
            {
                "itemID": "hglv_stl",
                "quantity": { "min": 1, "max": 1 },
                "chance": 100
            },
            {
                "itemID": "boots_defender",
                "quantity": {
                    "min": 1,
                    "max": 1
                },
                "chance": 100
            },
            {
                "itemID": "ring_challenger",
                "quantity": {
                    "min": 1,
                    "max": 1
                },
                "chance": 100
            },
            {
                "itemID": "ring_block",
                "quantity": {
                    "min": 1,
                    "max": 1
                },
                "chance": 100
            },
            {
                "itemID": "ring_block2",
                "quantity": {
                    "min": 1,
                    "max": 1
                },
                "chance": 100
            }
        ]
    },
    {
        "id": "shop_arambold",
        "items": [
            {
                "itemID": "hat1",
                "quantity": {
                    "min": 1,
                    "max": 1
                },
                "chance": 100
            },
            {
                "itemID": "hat2",
                "quantity": {
                    "min": 1,
                    "max": 1
                },
                "chance": 100
            },
            {
                "itemID": "shirt1",
                "quantity": {
                    "min": 1,
                    "max": 1
                },
                "chance": 100
            },
            {
                "itemID": "shirt_torn",
                "quantity": {
                    "min": 1,
                    "max": 1
                },
                "chance": 100
            },
            {
                "itemID": "gloves_fumbling",
                "quantity": {
                    "min": 1,
                    "max": 1
                },
                "chance": 100
            },
            {
                "itemID": "gloves_fancy",
                "quantity": {
                    "min": 1,
                    "max": 1
                },
                "chance": 100
            },
            {
                "itemID": "gloves_crude_cloth",
                "quantity": {
                    "min": 1,
                    "max": 1
                },
                "chance": 100
            },
            {
                "itemID": "ring_dmg1",
                "quantity": {
                    "min": 1,
                    "max": 1
                },
                "chance": 100
            },
            {
                "itemID": "ring_dmg2",
                "quantity": {
                    "min": 1,
                    "max": 1
                },
                "chance": 100
            },
            {
                "itemID": "ring_challenger",
                "quantity": {
                    "min": 1,
                    "max": 1
                },
                "chance": 100
            }
        ]
    },
    {
        "id": "shop_fallhaven_clothes",
        "items": [
            {
                "itemID": "hat1",
                "quantity": {
                    "min": 1,
                    "max": 1
                },
                "chance": 100
            },
            {
                "itemID": "hat2",
                "quantity": {
                    "min": 1,
                    "max": 1
                },
                "chance": 100
            },
            {
                "itemID": "shirt1",
                "quantity": {
                    "min": 1,
                    "max": 1
                },
                "chance": 100
            },
            {
                "itemID": "shirt_torn",
                "quantity": {
                    "min": 1,
                    "max": 1
                },
                "chance": 100
            },
            {
                "itemID": "shirt_weathered",
                "quantity": {
                    "min": 1,
                    "max": 1
                },
                "chance": 100
            },
            {
                "itemID": "shirt_patched_cloth",
                "quantity": {
                    "min": 1,
                    "max": 1
                },
                "chance": 100
            },
            {
                "itemID": "shirt2",
                "quantity": {
                    "min": 1,
                    "max": 1
                },
                "chance": 100
            },
            {
                "itemID": "shirt_dmgresist",
                "quantity": {
                    "min": 1,
                    "max": 1
                },
                "chance": 100
            },
            {
                "itemID": "gloves_fumbling",
                "quantity": {
                    "min": 1,
                    "max": 1
                },
                "chance": 100
            },
            {
                "itemID": "gloves_fancy",
                "quantity": {
                    "min": 1,
                    "max": 1
                },
                "chance": 100
            },
            {
                "itemID": "gloves_crude_cloth",
                "quantity": {
                    "min": 1,
                    "max": 1
                },
                "chance": 100
            },
            {
                "itemID": "used_gloves",
                "quantity": {
                    "min": 1,
                    "max": 1
                },
                "chance": 100
            },
            {
                "itemID": "gloves_barbrawler",
                "quantity": {
                    "min": 1,
                    "max": 1
                },
                "chance": 100
            },
            {
                "itemID": "gloves_attack1",
                "quantity": {
                    "min": 1,
                    "max": 1
                },
                "chance": 100
            },
            {
                "itemID": "boots_crude_leather",
                "quantity": {
                    "min": 1,
                    "max": 1
                },
                "chance": 100
            },
            {
                "itemID": "boots_sewn",
                "quantity": {
                    "min": 1,
                    "max": 1
                },
                "chance": 100
            },
            {
                "itemID": "boots1",
                "quantity": {
                    "min": 1,
                    "max": 1
                },
                "chance": 100
            },
            {
                "itemID": "boots3",
                "quantity": {
                    "min": 1,
                    "max": 1
                },
                "chance": 100
            },
            {
                "itemID": "jewel_fallhaven",
                "quantity": {
                    "min": 1,
                    "max": 1
                },
                "chance": 100
            },
            {
                "itemID": "ring_fumbling",
                "quantity": {
                    "min": 1,
                    "max": 1
                },
                "chance": 100
            },
            {
                "itemID": "ring1",
                "quantity": {
                    "min": 1,
                    "max": 1
                },
                "chance": 100
            },
            {
                "itemID": "ring2",
                "quantity": {
                    "min": 1,
                    "max": 1
                },
                "chance": 100
            }
        ]
    },
    {
        "id": "shop_alynndir",
        "items": [
            {
                "itemID": "vial_empty1",
                "quantity": {
                    "min": 10,
                    "max": 10
                },
                "chance": 100
            },
            {
                "itemID": "health",
                "quantity": {
                    "min": 10,
                    "max": 10
                },
                "chance": 100
            },
            {
                "itemID": "rat_tail",
                "quantity": {
                    "min": 5,
                    "max": 5
                },
                "chance": 100
            },
            {
                "itemID": "gem2",
                "quantity": {
                    "min": 3,
                    "max": 3
                },
                "chance": 5
            },
            {
                "itemID": "meat",
                "quantity": {
                    "min": 20,
                    "max": 20
                },
                "chance": 30
            },
            {
                "itemID": "hair",
                "quantity": {
                    "min": 5,
                    "max": 5
                },
                "chance": 30
            },
            {
                "itemID": "hat_fine_leather",
                "quantity": {
                    "min": 1,
                    "max": 1
                },
                "chance": 100
            },
            {
                "itemID": "hat_leather_vision",
                "quantity": {
                    "min": 1,
                    "max": 1
                },
                "chance": 100
            },
            {
                "itemID": "armour_crude_leather",
                "quantity": {
                    "min": 1,
                    "max": 1
                },
                "chance": 100
            },
            {
                "itemID": "armour_rigid_leather",
                "quantity": {
                    "min": 1,
                    "max": 1
                },
                "chance": 100
            },
            {
                "itemID": "gloves_crude_leather",
                "quantity": {
                    "min": 1,
                    "max": 1
                },
                "chance": 100
            },
            {
                "itemID": "boots_hard_leather",
                "quantity": {
                    "min": 1,
                    "max": 1
                },
                "chance": 100
            },
            {
                "itemID": "ring_jinxed1",
                "quantity": {
                    "min": 1,
                    "max": 1
                },
                "chance": 100
            }
        ]
    },
    {
        "id": "shop_gruil",
        "items": [
            {
                "itemID": "dagger0",
                "quantity": {
                    "min": 1,
                    "max": 1
                },
                "chance": 100
            },
            {
                "itemID": "shirt_weathered",
                "quantity": {
                    "min": 1,
                    "max": 1
                },
                "chance": 100
            },
            {
                "itemID": "ring_crude_combat",
                "quantity": {
                    "min": 1,
                    "max": 1
                },
                "chance": 100
            },
            {
                "itemID": "ring_barbrawler",
                "quantity": {
                    "min": 1,
                    "max": 1
                },
                "chance": 100
            },
            {
                "itemID": "gem1",
                "quantity": {
                    "min": 5,
                    "max": 5
                },
                "chance": 100
            },
            {
                "itemID": "gem2",
                "quantity": {
                    "min": 5,
                    "max": 5
                },
                "chance": 100
            },
            {
                "itemID": "gem3",
                "quantity": {
                    "min": 5,
                    "max": 5
                },
                "chance": 100
            }
        ]
    },
    {
        "id": "shop_ganos",
        "items": [
            {
                "itemID": "dagger0",
                "quantity": {
                    "min": 1,
                    "max": 1
                },
                "chance": 100
            },
            {
                "itemID": "dagger1",
                "quantity": {
                    "min": 1,
                    "max": 1
                },
                "chance": 100
            },
            {
                "itemID": "dagger_sharp_steel",
                "quantity": {
                    "min": 1,
                    "max": 1
                },
                "chance": 100
            },
            {
                "itemID": "shirt_weathered",
                "quantity": {
                    "min": 1,
                    "max": 1
                },
                "chance": 100
            },
            {
                "itemID": "shirt_patched_cloth",
                "quantity": {
                    "min": 1,
                    "max": 1
                },
                "chance": 100
            },
            {
                "itemID": "gloves_attack1",
                "quantity": {
                    "min": 1,
                    "max": 1
                },
                "chance": 100
            },
            {
                "itemID": "gloves_grip",
                "quantity": {
                    "min": 1,
                    "max": 1
                },
                "chance": 100
            },
            {
                "itemID": "boots2",
                "quantity": {
                    "min": 1,
                    "max": 1
                },
                "chance": 100
            },
            {
                "itemID": "necklace_strike",
                "quantity": {
                    "min": 1,
                    "max": 1
                },
                "chance": 100
            },
            {
                "itemID": "ring_crit1",
                "quantity": {
                    "min": 1,
                    "max": 1
                },
                "chance": 100
            },
            {
                "itemID": "ring_dmg2",
                "quantity": {
                    "min": 1,
                    "max": 1
                },
                "chance": 100
            },
            {
                "itemID": "ring_taverbrawler",
                "quantity": {
                    "min": 1,
                    "max": 1
                },
                "chance": 100
            },
            {
                "itemID": "ring_dmg_4",
                "quantity": {
                    "min": 1,
                    "max": 1
                },
                "chance": 100
            },
            {
                "itemID": "gem3",
                "quantity": {
                    "min": 5,
                    "max": 5
                },
                "chance": 100
            }
        ]
    },
    {
        "id": "shop_troublemaker",
        "items": [
            {
                "itemID": "armour_firm_leather",
                "quantity": {
                    "min": 1,
                    "max": 1
                },
                "chance": 100
            },
            {
                "itemID": "armor1",
                "quantity": {
                    "min": 1,
                    "max": 1
                },
                "chance": 100
            },
            {
                "itemID": "armor4",
                "quantity": {
                    "min": 1,
                    "max": 1
                },
                "chance": 100
            },
            {
                "itemID": "used_gloves",
                "quantity": {
                    "min": 1,
                    "max": 1
                },
                "chance": 100
            },
            {
                "itemID": "gloves_barbrawler",
                "quantity": {
                    "min": 1,
                    "max": 1
                },
                "chance": 100
            },
            {
                "itemID": "gloves_attack2",
                "quantity": {
                    "min": 1,
                    "max": 1
                },
                "chance": 100
            },
            {
                "itemID": "gloves_troublemaker",
                "quantity": {
                    "min": 1,
                    "max": 1
                },
                "chance": 100
            },
            {
                "itemID": "boots_coward",
                "quantity": {
                    "min": 1,
                    "max": 1
                },
                "chance": 100
            },
            {
                "itemID": "ring_crit2",
                "quantity": {
                    "min": 1,
                    "max": 1
                },
                "chance": 100
            },
            {
                "itemID": "ring_troublemaker",
                "quantity": {
                    "min": 1,
                    "max": 1
                },
                "chance": 100
            },
            {
                "itemID": "gem3",
                "quantity": {
                    "min": 5,
                    "max": 5
                },
                "chance": 100
            }
        ]
    },
    {
        "id": "shop_dunla",
        "items": [
            {
                "itemID": "dagger1",
                "quantity": {
                    "min": 1,
                    "max": 1
                },
                "chance": 100
            },
            {
                "itemID": "sword_villains",
                "quantity": {
                    "min": 1,
                    "max": 1
                },
                "chance": 100
            },
            {
                "itemID": "shirt2",
                "quantity": {
                    "min": 1,
                    "max": 1
                },
                "chance": 100
            },
            {
                "itemID": "armour_firm_leather",
                "quantity": {
                    "min": 1,
                    "max": 1
                },
                "chance": 100
            },
            {
                "itemID": "armor2",
                "quantity": {
                    "min": 1,
                    "max": 1
                },
                "chance": 100
            },
            {
                "itemID": "shirt_dmgresist",
                "quantity": {
                    "min": 1,
                    "max": 1
                },
                "chance": 100
            },
            {
                "itemID": "gloves3",
                "quantity": {
                    "min": 1,
                    "max": 1
                },
                "chance": 100
            },
            {
                "itemID": "gloves4",
                "quantity": {
                    "min": 1,
                    "max": 1
                },
                "chance": 100
            },
            {
                "itemID": "ring_polished_combat",
                "quantity": {
                    "min": 1,
                    "max": 1
                },
                "chance": 100
            },
            {
                "itemID": "ring_backstab",
                "quantity": {
                    "min": 1,
                    "max": 1
                },
                "chance": 100
            },
            {
                "itemID": "daggr_curv",
                "quantity": { "min": 1, "max": 1 },
                "chance": 100
            },
            {
                "itemID": "daggr_bloodlet",
                "quantity": { "min": 1, "max": 1 },
                "chance": 100
            },
            {
                "itemID": "gem3",
                "quantity": {
                    "min": 5,
                    "max": 5
                },
                "chance": 100
            }
        ]
    },
    {
        "id": "shop_ailshara",
        "items": [
            {
                "itemID": "dagger_sharp_steel",
                "quantity": {
                    "min": 1,
                    "max": 1
                },
                "chance": 100
            },
            {
                "itemID": "dagger2",
                "quantity": {
                    "min": 1,
                    "max": 1
                },
                "chance": 100
            },
            {
                "itemID": "quickdagger1",
                "quantity": {
                    "min": 1,
                    "max": 1
                },
                "chance": 100
            },
            {
                "itemID": "armor3",
                "quantity": {
                    "min": 1,
                    "max": 1
                },
                "chance": 100
            },
            {
                "itemID": "armour_misfortune",
                "quantity": {
                    "min": 1,
                    "max": 1
                },
                "chance": 100
            },
            {
                "itemID": "armour_leather_villain",
                "quantity": {
                    "min": 1,
                    "max": 1
                },
                "chance": 100
            },
            {
                "itemID": "gloves2",
                "quantity": {
                    "min": 1,
                    "max": 1
                },
                "chance": 100
            },
            {
                "itemID": "gloves_troublemaker",
                "quantity": {
                    "min": 1,
                    "max": 1
                },
                "chance": 100
            },
            {
                "itemID": "gloves_leather_attack",
                "quantity": {
                    "min": 1,
                    "max": 1
                },
                "chance": 100
            },
            {
                "itemID": "ring_polished_backstab",
                "quantity": {
                    "min": 1,
                    "max": 1
                },
                "chance": 100
            },
            {
                "itemID": "ring_villain",
                "quantity": {
                    "min": 1,
                    "max": 1
                },
                "chance": 100
            }
        ]
    },
    {
        "id": "shop_tharal",
        "items": [
            {
                "itemID": "health_minor2",
                "quantity": {
                    "min": 10,
                    "max": 10
                },
                "chance": 100
            },
            {
                "itemID": "health",
                "quantity": {
                    "min": 10,
                    "max": 10
                },
                "chance": 100
            },
            {
                "itemID": "health_major2",
                "quantity": {
                    "min": 10,
                    "max": 10
                },
                "chance": 100
            },
            {
                "itemID": "necklace_shield_0",
                "quantity": {
                    "min": 1,
                    "max": 1
                },
                "chance": 100
            },
            {
                "itemID": "ring_crude_surehit",
                "quantity": {
                    "min": 1,
                    "max": 1
                },
                "chance": 100
            },
            {
                "itemID": "ring_rough_damage",
                "quantity": {
                    "min": 1,
                    "max": 1
                },
                "chance": 100
            },
            {
                "itemID": "ring_crude_block",
                "quantity": {
                    "min": 1,
                    "max": 1
                },
                "chance": 100
            },
            {
                "itemID": "ring_rough_life",
                "quantity": {
                    "min": 1,
                    "max": 1
                },
                "chance": 100
            },
            {
                "itemID": "ring_dmg1",
                "quantity": {
                    "min": 1,
                    "max": 1
                },
                "chance": 100
            },
            {
                "itemID": "ring_atkch1",
                "quantity": {
                    "min": 1,
                    "max": 1
                },
                "chance": 100
            },
            {
                "itemID": "ring_life",
                "quantity": {
                    "min": 1,
                    "max": 1
                },
                "chance": 100
            }
        ]
    },
    {
        "id": "shop_jolnor",
        "items": [
            {
                "itemID": "health_minor2",
                "quantity": {
                    "min": 10,
                    "max": 10
                },
                "chance": 100
            },
            {
                "itemID": "health",
                "quantity": {
                    "min": 10,
                    "max": 10
                },
                "chance": 100
            },
            {
                "itemID": "health_major2",
                "quantity": {
                    "min": 10,
                    "max": 10
                },
                "chance": 100
            },
            {
                "itemID": "necklace_defender_stone",
                "quantity": {
                    "min": 1,
                    "max": 1
                },
                "chance": 100
            },
            {
                "itemID": "necklace_shield2",
                "quantity": {
                    "min": 1,
                    "max": 1
                },
                "chance": 100
            },
            {
                "itemID": "ring_dmg_3",
                "quantity": {
                    "min": 1,
                    "max": 1
                },
                "chance": 100
            },
            {
                "itemID": "ring_defender",
                "quantity": {
                    "min": 1,
                    "max": 1
                },
                "chance": 100
            },
            {
                "itemID": "ring_dmg6",
                "quantity": {
                    "min": 1,
                    "max": 1
                },
                "chance": 100
            },
            {
                "itemID": "ring_protector",
                "quantity": {
                    "min": 1,
                    "max": 1
                },
                "chance": 100
            }
        ]
    },
    {
        "id": "shop_talion",
        "items": [
            {
                "itemID": "health_minor2",
                "quantity": {
                    "min": 10,
                    "max": 10
                },
                "chance": 100
            },
            {
                "itemID": "health",
                "quantity": {
                    "min": 10,
                    "max": 10
                },
                "chance": 100
            },
            {
                "itemID": "health_major2",
                "quantity": {
                    "min": 10,
                    "max": 10
                },
                "chance": 100
            },
            {
                "itemID": "necklace_shield1",
                "quantity": {
                    "min": 1,
                    "max": 1
                },
                "chance": 100
            },
            {
                "itemID": "necklace_protector",
                "quantity": {
                    "min": 1,
                    "max": 1
                },
                "chance": 100
            },
            {
                "itemID": "ring_block1",
                "quantity": {
                    "min": 1,
                    "max": 1
                },
                "chance": 100
            },
            {
                "itemID": "ring_guardian",
                "quantity": {
                    "min": 1,
                    "max": 1
                },
                "chance": 100
            },
            {
                "itemID": "ring_dmg5",
                "quantity": {
                    "min": 1,
                    "max": 1
                },
                "chance": 100
            }
        ]
    },
    {
        "id": "shop_fallhaven_potions",
        "items": [
            {
                "itemID": "vial_empty1",
                "quantity": {
                    "min": 10,
                    "max": 10
                },
                "chance": 100
            },
            {
                "itemID": "vial_empty2",
                "quantity": {
                    "min": 10,
                    "max": 10
                },
                "chance": 100
            },
            {
                "itemID": "vial_empty3",
                "quantity": {
                    "min": 10,
                    "max": 10
                },
                "chance": 100
            },
            {
                "itemID": "vial_empty4",
                "quantity": {
                    "min": 10,
                    "max": 10
                },
                "chance": 100
            },
            {
                "itemID": "health_minor2",
                "quantity": {
                    "min": 10,
                    "max": 10
                },
                "chance": 100
            },
            {
                "itemID": "health",
                "quantity": {
                    "min": 10,
                    "max": 10
                },
                "chance": 100
            },
            {
                "itemID": "health_major2",
                "quantity": {
                    "min": 10,
                    "max": 10
                },
                "chance": 100
            },
            {
                "itemID": "milk",
                "quantity": {
                    "min": 10,
                    "max": 10
                },
                "chance": 100
            },
            {
                "itemID": "rat_tail",
                "quantity": {
                    "min": 5,
                    "max": 5
                },
                "chance": 100
            },
            {
                "itemID": "radish",
                "quantity": {
                    "min": 5,
                    "max": 5
                },
                "chance": 100
            },
            {
                "itemID": "strawberry",
                "quantity": {
                    "min": 5,
                    "max": 5
                },
                "chance": 100
            }
        ]
    },
    {
        "id": "shop_prim_armorer",
        "items": [
            {
                "itemID": "rusted_iron_sword",
                "quantity": {
                    "min": 1,
                    "max": 1
                },
                "chance": 100
            },
            {
                "itemID": "ironsword1",
                "quantity": {
                    "min": 1,
                    "max": 1
                },
                "chance": 100
            },
            {
                "itemID": "broken_buckler",
                "quantity": {
                    "min": 1,
                    "max": 1
                },
                "chance": 100
            },
            {
                "itemID": "used_gloves",
                "quantity": {
                    "min": 1,
                    "max": 2
                },
                "chance": 100
            }
        ]
    },
    {
        "id": "shop_waeges",
        "items": [
            {
                "itemID": "bwm_dagger",
                "quantity": {
                    "min": 2,
                    "max": 2
                },
                "chance": 100
            },
            {
                "itemID": "bwm_dagger_venom",
                "quantity": {
                    "min": 2,
                    "max": 2
                },
                "chance": 100
            },
            {
                "itemID": "bwm_ironsword",
                "quantity": {
                    "min": 2,
                    "max": 2
                },
                "chance": 100
            }
        ]
    },
    {
        "id": "shop_iducus",
        "items": [
            {
                "itemID": "bwm_leather_armour",
                "quantity": {
                    "min": 2,
                    "max": 2
                },
                "chance": 100
            },
            {
                "itemID": "bwm_leather_cap",
                "quantity": {
                    "min": 2,
                    "max": 2
                },
                "chance": 100
            },
            {
                "itemID": "bwm_combat_ring",
                "quantity": {
                    "min": 2,
                    "max": 2
                },
                "chance": 100
            }
        ]
    },
    {
        "id": "shop_thieves_guild_cook",
        "items": [
            {
                "itemID": "meat",
                "quantity": {
                    "min": 5,
                    "max": 5
                },
                "chance": 100
            },
            {
                "itemID": "meat_cooked",
                "quantity": {
                    "min": 5,
                    "max": 5
                },
                "chance": 100
            },
            {
                "itemID": "bread",
                "quantity": {
                    "min": 5,
                    "max": 5
                },
                "chance": 100
            },
            {
                "itemID": "mushroom",
                "quantity": {
                    "min": 5,
                    "max": 5
                },
                "chance": 100
            },
            {
                "itemID": "eggs",
                "quantity": {
                    "min": 5,
                    "max": 5
                },
                "chance": 100
            },
            {
                "itemID": "mead",
                "quantity": {
                    "min": 5,
                    "max": 5
                },
                "chance": 100
            }
        ]
    },
    {
        "id": "shop_mara",
        "items": [
            {
                "itemID": "apple_green",
                "quantity": {
                    "min": 5,
                    "max": 5
                },
                "chance": 100
            },
            {
                "itemID": "meat",
                "quantity": {
                    "min": 5,
                    "max": 5
                },
                "chance": 100
            },
            {
                "itemID": "meat_cooked",
                "quantity": {
                    "min": 5,
                    "max": 5
                },
                "chance": 100
            },
            {
                "itemID": "carrot",
                "quantity": {
                    "min": 5,
                    "max": 5
                },
                "chance": 100
            },
            {
                "itemID": "bread",
                "quantity": {
                    "min": 5,
                    "max": 5
                },
                "chance": 100
            },
            {
                "itemID": "mead",
                "quantity": {
                    "min": 5,
                    "max": 5
                },
                "chance": 100
            }
        ]
    },
    {
        "id": "shop_bela",
        "items": [
            {
                "itemID": "apple_green",
                "quantity": {
                    "min": 5,
                    "max": 5
                },
                "chance": 100
            },
            {
                "itemID": "apple_red",
                "quantity": {
                    "min": 5,
                    "max": 5
                },
                "chance": 100
            },
            {
                "itemID": "meat",
                "quantity": {
                    "min": 5,
                    "max": 5
                },
                "chance": 100
            },
            {
                "itemID": "meat_cooked",
                "quantity": {
                    "min": 5,
                    "max": 5
                },
                "chance": 100
            },
            {
                "itemID": "carrot",
                "quantity": {
                    "min": 5,
                    "max": 5
                },
                "chance": 100
            },
            {
                "itemID": "mushroom",
                "quantity": {
                    "min": 5,
                    "max": 5
                },
                "chance": 100
            },
            {
                "itemID": "milk",
                "quantity": {
                    "min": 5,
                    "max": 5
                },
                "chance": 100
            },
            {
                "itemID": "mead",
                "quantity": {
                    "min": 5,
                    "max": 5
                },
                "chance": 100
            }
        ]
    },
    {
        "id": "shop_torilo",
        "items": [
            {
                "itemID": "meat_cooked",
                "quantity": {
                    "min": 5,
                    "max": 5
                },
                "chance": 100
            },
            {
                "itemID": "bread",
                "quantity": {
                    "min": 5,
                    "max": 5
                },
                "chance": 100
            },
            {
                "itemID": "mushroom",
                "quantity": {
                    "min": 5,
                    "max": 5
                },
                "chance": 100
            },
            {
                "itemID": "eggs",
                "quantity": {
                    "min": 5,
                    "max": 5
                },
                "chance": 100
            },
            {
                "itemID": "mead",
                "quantity": {
                    "min": 5,
                    "max": 5
                },
                "chance": 100
            },
            {
                "itemID": "pear",
                "quantity": {
                    "min": 5,
                    "max": 5
                },
                "chance": 100
            }
        ]
    },
    {
        "id": "shop_tharwyn",
        "items": [
            {
                "itemID": "meat",
                "quantity": {
                    "min": 5,
                    "max": 5
                },
                "chance": 100
            },
            {
                "itemID": "meat_cooked",
                "quantity": {
                    "min": 5,
                    "max": 5
                },
                "chance": 100
            },
            {
                "itemID": "carrot",
                "quantity": {
                    "min": 5,
                    "max": 5
                },
                "chance": 100
            },
            {
                "itemID": "mushroom",
                "quantity": {
                    "min": 5,
                    "max": 5
                },
                "chance": 100
            },
            {
                "itemID": "mead",
                "quantity": {
                    "min": 5,
                    "max": 5
                },
                "chance": 100
            }
        ]
    },
    {
        "id": "shop_gallain",
        "items": [
            {
                "itemID": "meat_cooked",
                "quantity": {
                    "min": 5,
                    "max": 5
                },
                "chance": 100
            },
            {
                "itemID": "bread",
                "quantity": {
                    "min": 5,
                    "max": 5
                },
                "chance": 100
            },
            {
                "itemID": "mead",
                "quantity": {
                    "min": 5,
                    "max": 5
                },
                "chance": 100
            }
        ]
    },
    {
        "id": "shop_grimion",
        "items": [
            {
                "itemID": "meat_cooked",
                "quantity": {
                    "min": 5,
                    "max": 5
                },
                "chance": 100
            },
            {
                "itemID": "carrot",
                "quantity": {
                    "min": 5,
                    "max": 5
                },
                "chance": 100
            },
            {
                "itemID": "mushroom",
                "quantity": {
                    "min": 5,
                    "max": 5
                },
                "chance": 100
            },
            {
                "itemID": "mead",
                "quantity": {
                    "min": 5,
                    "max": 5
                },
                "chance": 100
            }
        ]
    },
    {
        "id": "undropped_items",
        "items": [
            {
                "itemID": "health_major",
                "quantity": {
                    "min": 0,
                    "max": 0
                },
                "chance": 0
            },
            {
                "itemID": "heartstone",
                "quantity": {
                    "min": 0,
                    "max": 0
                },
                "chance": 0
            }
        ]
    }
]
