[
    {
        "id": "prisoner",
        "items": [
            {
                "itemID": "rock",
                "quantity": {
                    "min": 1,
                    "max": 1
                },
                "chance": 100
            }
        ]
    },
    {
        "id": "skeleton2",
        "items": [
            {
                "itemID": "gold",
                "quantity": {
                    "min": 16,
                    "max": 23
                },
                "chance": 70
            },
            {
                "itemID": "gem2",
                "quantity": {
                    "min": 1,
                    "max": 1
                },
                "chance": 25
            },
            {
                "itemID": "health",
                "quantity": {
                    "min": 1,
                    "max": 1
                },
                "chance": 25
            },
            {
                "itemID": "bone",
                "quantity": {
                    "min": 1,
                    "max": 1
                },
                "chance": 30
            },
            {
                "itemID": "ring_dmg1",
                "quantity": {
                    "min": 1,
                    "max": 1
                },
                "chance": 1
            }
        ]
    },
    {
        "id": "pack_boss",
        "items": [
            {
                "itemID": "gold",
                "quantity": {
                    "min": 3,
                    "max": 35
                },
                "chance": 100
            },
            {
                "itemID": "gem4",
                "quantity": {
                    "min": 1,
                    "max": 1
                },
                "chance": 100
            },
            {
                "itemID": "meat",
                "quantity": {
                    "min": 1,
                    "max": 1
                },
                "chance": 30
            },
            {
                "itemID": "packhide",
                "quantity": {
                    "min": 1,
                    "max": 1
                },
                "chance": 100
            },
            {
                "itemID": "hair",
                "quantity": {
                    "min": 1,
                    "max": 1
                },
                "chance": 30
            }
        ]
    },
    {
        "id": "snake2",
        "items": [
            {
                "itemID": "gold",
                "quantity": {
                    "min": 7,
                    "max": 12
                },
                "chance": 70
            },
            {
                "itemID": "meat",
                "quantity": {
                    "min": 1,
                    "max": 1
                },
                "chance": 30
            },
            {
                "itemID": "gland",
                "quantity": {
                    "min": 1,
                    "max": 1
                },
                "chance": 5
            }
        ]
    },
    {
        "id": "bandit1",
        "items": [
            {
                "itemID": "gold",
                "quantity": {
                    "min": 4,
                    "max": 41
                },
                "chance": 70
            }
        ]
    },
    {
        "id": "pack1",
        "items": [
            {
                "itemID": "gold",
                "quantity": {
                    "min": 3,
                    "max": 15
                },
                "chance": 70
            },
            {
                "itemID": "gem2",
                "quantity": {
                    "min": 1,
                    "max": 1
                },
                "chance": 5
            },
            {
                "itemID": "meat",
                "quantity": {
                    "min": 1,
                    "max": 1
                },
                "chance": 30
            },
            {
                "itemID": "hair",
                "quantity": {
                    "min": 1,
                    "max": 1
                },
                "chance": 30
            }
        ]
    },
    {
        "id": "unzel",
        "items": [
            {
                "itemID": "gold",
                "quantity": {
                    "min": 16,
                    "max": 30
                },
                "chance": 100
            },
            {
                "itemID": "health",
                "quantity": {
                    "min": 1,
                    "max": 1
                },
                "chance": 100
            },
            {
                "itemID": "ring_unzel",
                "quantity": {
                    "min": 1,
                    "max": 1
                },
                "chance": 100
            },
            {
                "itemID": "boots_unzel",
                "quantity": {
                    "min": 1,
                    "max": 1
                },
                "chance": 100
            }
        ]
    },
    {
        "id": "pack2",
        "items": [
            {
                "itemID": "gold",
                "quantity": {
                    "min": 3,
                    "max": 25
                },
                "chance": 70
            },
            {
                "itemID": "gem3",
                "quantity": {
                    "min": 1,
                    "max": 1
                },
                "chance": 5
            },
            {
                "itemID": "meat",
                "quantity": {
                    "min": 1,
                    "max": 1
                },
                "chance": 30
            },
            {
                "itemID": "hair",
                "quantity": {
                    "min": 1,
                    "max": 1
                },
                "chance": 30
            }
        ]
    },
    {
        "id": "canine2",
        "items": [
            {
                "itemID": "gold",
                "quantity": {
                    "min": 3,
                    "max": 25
                },
                "chance": 70
            },
            {
                "itemID": "gem1",
                "quantity": {
                    "min": 1,
                    "max": 1
                },
                "chance": 5
            },
            {
                "itemID": "meat",
                "quantity": {
                    "min": 1,
                    "max": 1
                },
                "chance": 30
            },
            {
                "itemID": "hair",
                "quantity": {
                    "min": 1,
                    "max": 1
                },
                "chance": 30
            }
        ]
    },
    {
        "id": "pack3",
        "items": [
            {
                "itemID": "gold",
                "quantity": {
                    "min": 3,
                    "max": 35
                },
                "chance": 70
            },
            {
                "itemID": "gem4",
                "quantity": {
                    "min": 1,
                    "max": 1
                },
                "chance": 5
            },
            {
                "itemID": "meat",
                "quantity": {
                    "min": 1,
                    "max": 1
                },
                "chance": 30
            },
            {
                "itemID": "hair",
                "quantity": {
                    "min": 1,
                    "max": 1
                },
                "chance": 30
            }
        ]
    },
    {
        "id": "skeleton3",
        "items": [
            {
                "itemID": "gold",
                "quantity": {
                    "min": 20,
                    "max": 29
                },
                "chance": 70
            },
            {
                "itemID": "gem2",
                "quantity": {
                    "min": 1,
                    "max": 1
                },
                "chance": 25
            },
            {
                "itemID": "health",
                "quantity": {
                    "min": 1,
                    "max": 1
                },
                "chance": 25
            },
            {
                "itemID": "bone",
                "quantity": {
                    "min": 1,
                    "max": 1
                },
                "chance": 30
            },
            {
                "itemID": "ring_dmg2",
                "quantity": {
                    "min": 1,
                    "max": 1
                },
                "chance": 1
            }
        ]
    },
    {
        "id": "vacor",
        "items": [
            {
                "itemID": "gold",
                "quantity": {
                    "min": 16,
                    "max": 30
                },
                "chance": 100
            },
            {
                "itemID": "health",
                "quantity": {
                    "min": 1,
                    "max": 1
                },
                "chance": 100
            },
            {
                "itemID": "ring_vacor",
                "quantity": {
                    "min": 1,
                    "max": 1
                },
                "chance": 100
            },
            {
                "itemID": "boots_vacor",
                "quantity": {
                    "min": 1,
                    "max": 1
                },
                "chance": 100
            }
        ]
    },
    {
        "id": "fallhaven_bandit",
        "items": [
            {
                "itemID": "gold",
                "quantity": {
                    "min": 4,
                    "max": 41
                },
                "chance": 100
            },
            {
                "itemID": "vacor_spell",
                "quantity": {
                    "min": 1,
                    "max": 1
                },
                "chance": 100
            }
        ]
    },
    {
        "id": "undead1",
        "items": [
            {
                "itemID": "gold",
                "quantity": {
                    "min": 5,
                    "max": 23
                },
                "chance": 70
            },
            {
                "itemID": "gem2",
                "quantity": {
                    "min": 1,
                    "max": 1
                },
                "chance": 25
            },
            {
                "itemID": "health",
                "quantity": {
                    "min": 1,
                    "max": 1
                },
                "chance": 25
            },
            {
                "itemID": "ironsword1",
                "quantity": {
                    "min": 1,
                    "max": 1
                },
                "chance": 10
            }
        ]
    },
    {
        "id": "flagstone_guard2",
        "items": [
            {
                "itemID": "gold",
                "quantity": {
                    "min": 62,
                    "max": 62
                },
                "chance": 100
            },
            {
                "itemID": "gem4",
                "quantity": {
                    "min": 1,
                    "max": 1
                },
                "chance": 100
            },
            {
                "itemID": "health",
                "quantity": {
                    "min": 3,
                    "max": 3
                },
                "chance": 100
            },
            {
                "itemID": "sword_flagstone",
                "quantity": {
                    "min": 1,
                    "max": 1
                },
                "chance": 100
            },
            {
                "itemID": "ring_jinxed1",
                "quantity": {
                    "min": 1,
                    "max": 1
                },
                "chance": 100
            }
        ]
    },
    {
        "id": "flagstone_guard1",
        "items": [
            {
                "itemID": "gold",
                "quantity": {
                    "min": 20,
                    "max": 52
                },
                "chance": 100
            },
            {
                "itemID": "gem4",
                "quantity": {
                    "min": 1,
                    "max": 1
                },
                "chance": 100
            },
            {
                "itemID": "health",
                "quantity": {
                    "min": 2,
                    "max": 2
                },
                "chance": 100
            },
            {
                "itemID": "ring_block1",
                "quantity": {
                    "min": 1,
                    "max": 1
                },
                "chance": 100
            },
            {
                "itemID": "ironsword1",
                "quantity": {
                    "min": 1,
                    "max": 1
                },
                "chance": 100
            }
        ]
    },
    {
        "id": "flagstone_guard0",
        "items": [
            {
                "itemID": "gold",
                "quantity": {
                    "min": 20,
                    "max": 29
                },
                "chance": 100
            },
            {
                "itemID": "gem4",
                "quantity": {
                    "min": 1,
                    "max": 1
                },
                "chance": 100
            },
            {
                "itemID": "health",
                "quantity": {
                    "min": 1,
                    "max": 1
                },
                "chance": 100
            },
            {
                "itemID": "necklace_flagstone",
                "quantity": {
                    "min": 1,
                    "max": 1
                },
                "chance": 100
            }
        ]
    }
]
