[
  {
    "id": "shop_agthor",
    "items": [
      {
        "quantity": { "min": 1, "max": 1 },
        "itemID": "club_bld",
        "chance": 100
      },
      {
        "quantity": { "min": 1, "max": 1 },
        "itemID": "clmr_dl",
        "chance": 100
      },
      {
        "quantity": { "min": 1, "max": 1 },
        "itemID": "graxe_massive",
        "chance": 100
      },
      {
        "quantity": { "min": 1, "max": 1 },
        "itemID": "graxe_fury",
        "chance": 100
      },
      {
        "quantity": { "min": 1, "max": 1 },
        "itemID": "hmr_iron",
        "chance": 100
      },
      {
        "quantity": { "min": 1, "max": 1 },
        "itemID": "mace_iron",
        "chance": 100
      },
      {
        "quantity": { "min": 1, "max": 1 },
        "itemID": "clmr_stl",
        "chance": 100
      },
      {
        "quantity": { "min": 1, "max": 1 },
        "itemID": "hvhead_stl",
        "chance": 100
      },
      {
        "quantity": { "min": 1, "max": 1 },
        "itemID": "hvhead_irn",
        "chance": 100
      }
    ]
  },
  {
    "id": "shop_lleglaris",
    "items": [
      {
        "quantity": { "min": 1, "max": 5 },
        "itemID": "clmr_gnt",
        "chance": 100
      },
      {
        "quantity": { "min": 1, "max": 5 },
        "itemID": "axe_whirl",
        "chance": 100
      },
      {
        "quantity": { "min": 1, "max": 5 },
        "itemID": "clmr_def2",
        "chance": 100
      },
      {
        "quantity": { "min": 1, "max": 5 },
        "itemID": "hatchet_sharp",
        "chance": 100
      },
      {
        "quantity": { "min": 1, "max": 5 },
        "itemID": "clmr_serp",
        "chance": 100
      },
      {
        "quantity": { "min": 1, "max": 5 },
        "itemID": "hglv_plat1",
        "chance": 100
      },
      {
        "quantity": { "min": 1, "max": 5 },
        "itemID": "graxe_exec",
        "chance": 100
      },
      {
        "quantity": { "min": 1, "max": 5 },
        "itemID": "axe_lightblack",
        "chance": 100
      },
      {
        "quantity": { "min": 1, "max": 5 },
        "itemID": "axe_fear",
        "chance": 100
      }
    ]
  },
  {
    "id": "shop_lowyna",
    "items": [
      {
        "quantity": { "min": 5, "max": 20 },
        "itemID": "drink_applej",
        "chance": 100
      },
      {
        "quantity": { "min": 5, "max": 20 },
        "itemID": "drink_prunej",
        "chance": 100
      },
      {
        "quantity": { "min": 5, "max": 20 },
        "itemID": "drink_lowyn1",
        "chance": 100
      },
      {
        "quantity": { "min": 5, "max": 20 },
        "itemID": "drink_lowyn2",
        "chance": 100
      },
      {
        "quantity": { "min": 5, "max": 20 },
        "itemID": "drink_lowyn3",
        "chance": 100
      }
    ]
  },
  {
    "id": "shop_khorailla",
    "items": [
      {
        "quantity": { "min": 5, "max": 12 },
        "itemID": "carrots",
        "chance": 100
      },
      {
        "quantity": { "min": 5, "max": 12 },
        "itemID": "cheese",
        "chance": 100
      },
      {
        "quantity": { "min": 5, "max": 12 },
        "itemID": "rawperch",
        "chance": 100
      },
      {
        "quantity": { "min": 5, "max": 12 },
        "itemID": "cookperch",
        "chance": 100
      },
      {
        "quantity": { "min": 5, "max": 12 },
        "itemID": "chkn_leg",
        "chance": 100
      },
      {
        "quantity": { "min": 5, "max": 12 },
        "itemID": "drink_charwood1",
        "chance": 100
      },
      {
        "quantity": { "min": 5, "max": 12 },
        "itemID": "drink_charwood2",
        "chance": 100
      }
    ]
  },
  {
    "id": "shop_lodar",
    "items": [
      {
        "quantity": { "min": 2, "max": 6 },
        "itemID": "pot_rnd",
        "chance": 100
      },
      {
        "quantity": { "min": 1, "max": 2 },
        "itemID": "pot_shadowtear",
        "chance": 100
      },
      {
        "quantity": { "min": 3, "max": 3 },
        "itemID": "pot_haste",
        "chance": 100
      },
      {
        "quantity": { "min": 5, "max": 12 },
        "itemID": "pot_regen1",
        "chance": 100
      },
      {
        "quantity": { "min": 5, "max": 12 },
        "itemID": "pot_healthlodar",
        "chance": 100
      },
      {
        "quantity": { "min": 15, "max": 70 },
        "itemID": "pot_bm_lodar",
        "chance": 100
      },
      {
        "quantity": { "min": 5, "max": 12 },
        "itemID": "pot_senses",
        "chance": 100
      },
      {
        "quantity": { "min": 5, "max": 12 },
        "itemID": "pot_aware",
        "chance": 100
      },
      {
        "quantity": { "min": 5, "max": 12 },
        "itemID": "pot_courage",
        "chance": 100
      }
    ]
  }
]