[
    {
        "id": "sign_toszylae",
        "items": [
            {
                "itemID": "helm_protector0",
                "quantity": {
                    "min": 1,
                    "max": 1
                },
                "chance": 100
            }
        ]
    },
    {
        "id": "thorin_bone",
        "items": [
            {
                "itemID": "thorin_bone",
                "quantity": {
                    "min": 1,
                    "max": 1
                },
                "chance": 100
            }
        ]
    },
    {
        "id": "toszylae",
        "items": [
            {
                "itemID": "gold",
                "quantity": {
                    "min": 0,
                    "max": 20
                },
                "chance": 100
            },
            {
                "itemID": "toszylae_heart",
                "quantity": {
                    "min": 1,
                    "max": 1
                },
                "chance": 100
            },
            {
                "itemID": "health",
                "quantity": {
                    "min": 5,
                    "max": 7
                },
                "chance": 100
            },
            {
                "itemID": "gem5",
                "quantity": {
                    "min": 2,
                    "max": 2
                },
                "chance": 100
            },
            {
                "itemID": "rock",
                "quantity": {
                    "min": 1,
                    "max": 1
                },
                "chance": 100
            }
        ]
    },
    {
        "id": "toszylae_guard",
        "items": [
            {
                "itemID": "gold",
                "quantity": {
                    "min": 0,
                    "max": 20
                },
                "chance": 100
            },
            {
                "itemID": "health",
                "quantity": {
                    "min": 1,
                    "max": 2
                },
                "chance": 100
            },
            {
                "itemID": "gem4",
                "quantity": {
                    "min": 1,
                    "max": 1
                },
                "chance": 100
            },
            {
                "itemID": "rock",
                "quantity": {
                    "min": 1,
                    "max": 1
                },
                "chance": 100
            }
        ]
    },
    {
        "id": "sign_ulirfendor",
        "items": [
            {
                "itemID": "helm_protector",
                "quantity": {
                    "min": 1,
                    "max": 1
                },
                "chance": 100
            }
        ]
    },
    {
        "id": "potion_rotworm",
        "items": [
            {
                "itemID": "potion_rotworm",
                "quantity": {
                    "min": 1,
                    "max": 1
                },
                "chance": 100
            }
        ]
    },
    {
        "id": "ulirfendor",
        "items": [
            {
                "itemID": "gold",
                "quantity": {
                    "min": 0,
                    "max": 50
                },
                "chance": 70
            },
            {
                "itemID": "club3",
                "quantity": {
                    "min": 1,
                    "max": 1
                },
                "chance": 100
            },
            {
                "itemID": "health_minor",
                "quantity": {
                    "min": 1,
                    "max": 2
                },
                "chance": 100
            },
            {
                "itemID": "vial_empty2",
                "quantity": {
                    "min": 3,
                    "max": 5
                },
                "chance": 100
            }
        ]
    },
    {
        "id": "lyson_marrow",
        "items": [
            {
                "itemID": "lyson_marrow",
                "quantity": {
                    "min": 1,
                    "max": 1
                },
                "chance": 100
            }
        ]
    },
    {
        "id": "hjaldar_pots",
        "items": [
            {
                "itemID": "pot_focus_dmg",
                "quantity": {
                    "min": 1,
                    "max": 1
                },
                "chance": 100
            },
            {
                "itemID": "pot_focus_ac",
                "quantity": {
                    "min": 1,
                    "max": 1
                },
                "chance": 100
            }
        ]
    },
    {
        "id": "fiveidols",
        "items": [
            {
                "itemID": "algangror_idol",
                "quantity": {
                    "min": 5,
                    "max": 5
                },
                "chance": 100
            }
        ]
    },
    {
        "id": "algangror",
        "items": [
            {
                "itemID": "algangror_ring",
                "quantity": {
                    "min": 1,
                    "max": 1
                },
                "chance": 100
            },
            {
                "itemID": "gold",
                "quantity": {
                    "min": 0,
                    "max": 20
                },
                "chance": 100
            },
            {
                "itemID": "health",
                "quantity": {
                    "min": 1,
                    "max": 2
                },
                "chance": 100
            },
            {
                "itemID": "gem4",
                "quantity": {
                    "min": 1,
                    "max": 1
                },
                "chance": 100
            },
            {
                "itemID": "vial_empty2",
                "quantity": {
                    "min": 3,
                    "max": 5
                },
                "chance": 100
            }
        ]
    },
    {
        "id": "gloves_combat2",
        "items": [
            {
                "itemID": "gloves_combat2",
                "quantity": {
                    "min": 1,
                    "max": 1
                },
                "chance": 100
            }
        ]
    },
    {
        "id": "remgard_shield_2",
        "items": [
            {
                "itemID": "remgard_shield_2",
                "quantity": {
                    "min": 1,
                    "max": 1
                },
                "chance": 100
            }
        ]
    },
    {
        "id": "armour_chain_remg",
        "items": [
            {
                "itemID": "armour_chain_remg",
                "quantity": {
                    "min": 1,
                    "max": 1
                },
                "chance": 100
            }
        ]
    },
    {
        "id": "marrowtaint",
        "items": [
            {
                "itemID": "marrowtaint",
                "quantity": {
                    "min": 1,
                    "max": 1
                },
                "chance": 100
            }
        ]
    },
    {
        "id": "ervelyn_hat",
        "items": [
            {
                "itemID": "hat_crit",
                "quantity": {
                    "min": 1,
                    "max": 1
                },
                "chance": 100
            }
        ]
    },
    {
        "id": "oegyth1",
        "items": [
            {
                "itemID": "oegyth",
                "quantity": {
                    "min": 1,
                    "max": 1
                },
                "chance": 100
            }
        ]
    },
    {
        "id": "wild16_cave1",
        "items": [
            {
                "itemID": "vial_empty1",
                "quantity": {
                    "min": 1,
                    "max": 1
                },
                "chance": 100
            },
            {
                "itemID": "vial_empty2",
                "quantity": {
                    "min": 2,
                    "max": 2
                },
                "chance": 100
            },
            {
                "itemID": "health_minor2",
                "quantity": {
                    "min": 2,
                    "max": 2
                },
                "chance": 100
            }
        ]
    },
    {
        "id": "wild16_cave2",
        "items": [
            {
                "itemID": "health",
                "quantity": {
                    "min": 2,
                    "max": 2
                },
                "chance": 100
            },
            {
                "itemID": "milk",
                "quantity": {
                    "min": 3,
                    "max": 3
                },
                "chance": 100
            },
            {
                "itemID": "pot_speed_1",
                "quantity": {
                    "min": 1,
                    "max": 1
                },
                "chance": 5
            },
            {
                "itemID": "pot_poison_weak",
                "quantity": {
                    "min": 3,
                    "max": 3
                },
                "chance": 5
            },
            {
                "itemID": "pot_poison_weak_antidote",
                "quantity": {
                    "min": 1,
                    "max": 1
                },
                "chance": 100
            },
            {
                "itemID": "pot_blind_rage",
                "quantity": {
                    "min": 1,
                    "max": 1
                },
                "chance": 100
            },
            {
                "itemID": "pot_bleeding_ointment",
                "quantity": {
                    "min": 1,
                    "max": 1
                },
                "chance": 100
            },
            {
                "itemID": "health_major2",
                "quantity": {
                    "min": 1,
                    "max": 1
                },
                "chance": 100
            }
        ]
    },
    {
        "id": "wild16_cave3",
        "items": [
            {
                "itemID": "gold",
                "quantity": {
                    "min": 2000,
                    "max": 2000
                },
                "chance": 100
            }
        ]
    },
    {
        "id": "kaverin_message",
        "items": [
            {
                "itemID": "kaverin_message",
                "quantity": {
                    "min": 1,
                    "max": 1
                },
                "chance": 100
            }
        ]
    },
    {
        "id": "vacor_map",
        "items": [
            {
                "itemID": "vacor_map",
                "quantity": {
                    "min": 1,
                    "max": 1
                },
                "chance": 100
            }
        ]
    },
    {
        "id": "kaverin",
        "items": [
            {
                "itemID": "gold",
                "quantity": {
                    "min": 100,
                    "max": 100
                },
                "chance": 100
            },
            {
                "itemID": "health",
                "quantity": {
                    "min": 1,
                    "max": 2
                },
                "chance": 100
            },
            {
                "itemID": "shirt_weathered",
                "quantity": {
                    "min": 1,
                    "max": 1
                },
                "chance": 100
            },
            {
                "itemID": "ring_crude_combat",
                "quantity": {
                    "min": 1,
                    "max": 1
                },
                "chance": 100
            },
            {
                "itemID": "kaverin_message",
                "quantity": {
                    "min": 1,
                    "max": 1
                },
                "chance": 100
            }
        ]
    }
]
