[
    {
        "id": "tinlyn_bells",
        "items": [
            {
                "itemID": "tinlyn_bells",
                "quantity": {
                    "min": 4,
                    "max": 4
                },
                "chance": 100
            }
        ]
    },
    {
        "id": "fieldwasp_unique",
        "items": [
            {
                "itemID": "gold",
                "quantity": {
                    "min": 0,
                    "max": 10
                },
                "chance": 70
            },
            {
                "itemID": "hadracor_waspwing",
                "quantity": {
                    "min": 1,
                    "max": 1
                },
                "chance": 100
            }
        ]
    },
    {
        "id": "tinlyn_sheep",
        "items": [
            {
                "itemID": "meat",
                "quantity": {
                    "min": 0,
                    "max": 3
                },
                "chance": 70
            },
            {
                "itemID": "tinlyn_sheep_meat",
                "quantity": {
                    "min": 1,
                    "max": 1
                },
                "chance": 100
            }
        ]
    },
    {
        "id": "feygard_shipment",
        "items": [
            {
                "itemID": "fg_ironsword",
                "quantity": {
                    "min": 10,
                    "max": 10
                },
                "chance": 100
            }
        ]
    },
    {
        "id": "vg_smith_fg_items",
        "items": [
            {
                "itemID": "fg_ironsword_d",
                "quantity": {
                    "min": 10,
                    "max": 10
                },
                "chance": 100
            }
        ]
    },
    {
        "id": "hadracor_reward",
        "items": [
            {
                "itemID": "gloves_woodcutter",
                "quantity": {
                    "min": 1,
                    "max": 1
                },
                "chance": 100
            }
        ]
    },
    {
        "id": "larva_boss",
        "items": [
            {
                "itemID": "gold",
                "quantity": {
                    "min": 0,
                    "max": 9
                },
                "chance": 100
            },
            {
                "itemID": "gem2",
                "quantity": {
                    "min": 1,
                    "max": 1
                },
                "chance": 100
            },
            {
                "itemID": "health_minor",
                "quantity": {
                    "min": 1,
                    "max": 1
                },
                "chance": 100
            },
            {
                "itemID": "erinith_book",
                "quantity": {
                    "min": 1,
                    "max": 1
                },
                "chance": 100
            }
        ]
    },
    {
        "id": "keknazar",
        "items": [
            {
                "itemID": "gold",
                "quantity": {
                    "min": 0,
                    "max": 45
                },
                "chance": 70
            },
            {
                "itemID": "bone",
                "quantity": {
                    "min": 1,
                    "max": 3
                },
                "chance": 100
            },
            {
                "itemID": "health_minor",
                "quantity": {
                    "min": 1,
                    "max": 2
                },
                "chance": 100
            },
            {
                "itemID": "necklace_shield_0",
                "quantity": {
                    "min": 1,
                    "max": 1
                },
                "chance": 100
            }
        ]
    },
    {
        "id": "rogorn",
        "items": [
            {
                "itemID": "gold",
                "quantity": {
                    "min": 0,
                    "max": 50
                },
                "chance": 70
            },
            {
                "itemID": "rogorn_qitem",
                "quantity": {
                    "min": 1,
                    "max": 1
                },
                "chance": 100
            },
            {
                "itemID": "longsword_hard_iron",
                "quantity": {
                    "min": 1,
                    "max": 1
                },
                "chance": 100
            },
            {
                "itemID": "health_minor",
                "quantity": {
                    "min": 1,
                    "max": 2
                },
                "chance": 100
            }
        ]
    },
    {
        "id": "rogorn_henchman",
        "items": [
            {
                "itemID": "gold",
                "quantity": {
                    "min": 0,
                    "max": 20
                },
                "chance": 70
            },
            {
                "itemID": "rogorn_qitem",
                "quantity": {
                    "min": 1,
                    "max": 1
                },
                "chance": 100
            },
            {
                "itemID": "health_minor",
                "quantity": {
                    "min": 1,
                    "max": 2
                },
                "chance": 100
            }
        ]
    },
    {
        "id": "buceth",
        "items": [
            {
                "itemID": "gold",
                "quantity": {
                    "min": 0,
                    "max": 20
                },
                "chance": 70
            },
            {
                "itemID": "buceth_vial",
                "quantity": {
                    "min": 1,
                    "max": 1
                },
                "chance": 100
            },
            {
                "itemID": "health_minor",
                "quantity": {
                    "min": 1,
                    "max": 4
                },
                "chance": 100
            },
            {
                "itemID": "vial_empty2",
                "quantity": {
                    "min": 1,
                    "max": 3
                },
                "chance": 100
            },
            {
                "itemID": "ring_life",
                "quantity": {
                    "min": 1,
                    "max": 1
                },
                "chance": 100
            }
        ]
    }
]
