[
  {
    "id": "hirazinn",
    "items": [
      {
        "quantity": { "min": 1, "max": 1 },
        "itemID": "hirazinn",
        "chance": 100
      },
      {
        "quantity": { "min": 1, "max": 1 },
        "itemID": "shdstlk",
        "chance": 100
      },
      {
        "quantity": { "min": 1, "max": 1 },
        "itemID": "xulviir0",
        "chance": 100
      },
      {
        "quantity": { "min": 200, "max": 500 },
        "itemID": "gold",
        "chance": 100
      },
      {
        "quantity": { "min": 1, "max": 3 },
        "itemID": "gem1",
        "chance": 100
      },
      {
        "quantity": { "min": 0, "max": 4 },
        "itemID": "bone",
        "chance": 100
      }
    ]
  },
  {
    "id": "thukuzun",
    "items": [
      {
        "quantity": { "min": 1, "max": 1 },
        "itemID": "blade_defiler",
        "chance": 100
      },
      {
        "quantity": { "min": 1, "max": 1 },
        "itemID": "thukuzun",
        "chance": 100
      },
      {
        "quantity": { "min": 200, "max": 500 },
        "itemID": "gold",
        "chance": 100
      },
      {
        "quantity": { "min": 1, "max": 3 },
        "itemID": "gem1",
        "chance": 100
      },
      {
        "quantity": { "min": 2, "max": 8 },
        "itemID": "bone",
        "chance": 100
      }
    ]
  },
  {
    "id": "tiqui",
    "items": [
      {
        "quantity": { "min": 1, "max": 1 },
        "itemID": "tiqui",
        "chance": 100
      },
      {
        "quantity": { "min": 1, "max": 1 },
        "itemID": "hmr_olwyns",
        "chance": 100
      },
      {
        "quantity": { "min": 50, "max": 150 },
        "itemID": "gold",
        "chance": 100
      },
      {
        "quantity": { "min": 1, "max": 1 },
        "itemID": "ring2",
        "chance": 100
      }
    ]
  },
  {
    "id": "aulowenn",
    "items": [
      {
        "quantity": { "min": 1, "max": 1 },
        "itemID": "aulowenn",
        "chance": 100
      },
      {
        "quantity": { "min": 1, "max": 1 },
        "itemID": "clmr_ruin",
        "chance": 100
      },
      {
        "quantity": { "min": 50, "max": 150 },
        "itemID": "gold",
        "chance": 100
      },
      {
        "quantity": { "min": 1, "max": 1 },
        "itemID": "ring2",
        "chance": 100
      }
    ]
  },
  {
    "id": "redft",
    "items": [
      {
        "quantity": { "min": 1, "max": 1 },
        "itemID": "redfthair",
        "chance": 10
      },
      {
        "quantity": { "min": 1, "max": 1 },
        "itemID": "meat",
        "chance": 20
      },
      {
        "quantity": { "min": 1, "max": 3 },
        "itemID": "bone",
        "chance": 20
      }
    ]
  },
  {
    "id": "charwdg",
    "items": [
      {
        "quantity": { "min": 1, "max": 20 },
        "itemID": "gold",
        "chance": 30
      },
      {
        "quantity": { "min": 1, "max": 1 },
        "itemID": "mace_iron",
        "chance": 1
      },
      {
        "quantity": { "min": 1, "max": 1 },
        "itemID": "broken_buckler",
        "chance": 1
      },
      {
        "quantity": { "min": 1, "max": 1 },
        "itemID": "pot_bleeding_ointment",
        "chance": 5
      },
      {
        "quantity": { "min": 1, "max": 1 },
        "itemID": "rawperch",
        "chance": 10
      }
    ]
  },
  {
    "id": "lodar_fg",
    "items": [
      {
        "quantity": { "min": 1, "max": 20 },
        "itemID": "gold",
        "chance": 30
      },
      {
        "quantity": { "min": 1, "max": 1 },
        "itemID": "mace_iron",
        "chance": 5
      },
      {
        "quantity": { "min": 1, "max": 1 },
        "itemID": "broken_buckler",
        "chance": 5
      },
      {
        "quantity": { "min": 1, "max": 1 },
        "itemID": "mead",
        "chance": 100
      }
    ]
  },
  {
    "id": "highwayman1",
    "items": [
      {
        "quantity": { "min": 1, "max": 20 },
        "itemID": "gold",
        "chance": 100
      },
      {
        "quantity": { "min": 1, "max": 1 },
        "itemID": "shirt_torn",
        "chance": 100
      },
      {
        "quantity": { "min": 1, "max": 1 },
        "itemID": "mead",
        "chance": 100
      }
    ]
  },
  {
    "id": "vermin",
    "items": [
      {
        "quantity": { "min": 0, "max": 1 },
        "itemID": "gold",
        "chance": 20
      },
      {
        "quantity": { "min": 1, "max": 1 },
        "itemID": "gem1",
        "chance": 5
      }
    ]
  },
  {
    "id": "jelly",
    "items": [
      {
        "quantity": { "min": 0, "max": 2 },
        "itemID": "gold",
        "chance": 20
      },
      {
        "quantity": { "min": 1, "max": 1 },
        "itemID": "ring1",
        "chance": 5
      },
      {
        "quantity": { "min": 1, "max": 1 },
        "itemID": "ring2",
        "chance": 5
      },
      {
        "quantity": { "min": 1, "max": 1 },
        "itemID": "junk_necklace0",
        "chance": 5
      },
      {
        "quantity": { "min": 1, "max": 1 },
        "itemID": "junk_necklace1",
        "chance": 5
      }
    ]
  },
  {
    "id": "jelly_b",
    "items": [
      {
        "quantity": { "min": 5, "max": 30 },
        "itemID": "gold",
        "chance": 100
      },
      {
        "quantity": { "min": 1, "max": 1 },
        "itemID": "daggr_bloodlet",
        "chance": 100
      }
    ]
  },
  {
    "id": "mudfiend",
    "items": [
      {
        "quantity": { "min": 0, "max": 2 },
        "itemID": "gold",
        "chance": 20
      },
      {
        "quantity": { "min": 1, "max": 1 },
        "itemID": "ring1",
        "chance": 5
      },
      {
        "quantity": { "min": 1, "max": 1 },
        "itemID": "junk_necklace0",
        "chance": 5
      },
      {
        "quantity": { "min": 1, "max": 1 },
        "itemID": "mudfiend",
        "chance": 20
      }
    ]
  },
  {
    "id": "oldcaveboss",
    "items": [
      {
        "quantity": { "min": 5, "max": 30 },
        "itemID": "gold",
        "chance": 100
      },
      {
        "quantity": { "min": 1, "max": 1 },
        "itemID": "lleglaris",
        "chance": 100
      }
    ]
  },
  {
    "id": "cavebat",
    "items": [
      {
        "quantity": { "min": 1, "max": 1 },
        "itemID": "bat_wing",
        "chance": 20
      }
    ]
  },
  {
	"id": "anklebiter",
	"items": [
      {
        "itemID": "gold",
        "quantity": { "min": 0, "max": 5 },
        "chance": 50
      },
      {
        "itemID": "gem2",
        "quantity": { "min": 1, "max": 1 },
        "chance": 5
      },
      {
        "itemID": "meat",
        "quantity": { "min": 1, "max": 1 },
        "chance": 10
      },
      {
        "itemID": "hair",
        "quantity": { "min": 1, "max": 1 },
        "chance": 30
      }
	]
  },
  {
    "id": "vscale",
    "items": [
      {
        "itemID": "gold",
        "quantity": { "min": 0, "max": 5 },
        "chance": 30
      },
      {
        "itemID": "meat",
        "quantity": { "min": 1, "max": 1 },
        "chance": 5
      },
      {
        "itemID": "gland",
        "quantity": { "min": 1, "max": 1 },
        "chance": 5
      },
      {
        "itemID": "venomscale",
        "quantity": { "min": 1, "max": 1 },
        "chance": 5
      }
    ]
  },
  {
    "id": "vscaleb",
    "items": [
      {
        "itemID": "gold",
        "quantity": { "min": 5, "max": 20 },
        "chance": 30
      },
      {
        "itemID": "gland",
        "quantity": { "min": 1, "max": 3 },
        "chance": 20
      },
      {
        "itemID": "venomscale",
        "quantity": { "min": 1, "max": 3 },
        "chance": 20
      },
      {
        "itemID": "gloves3",
        "quantity": { "min": 1, "max": 1 },
        "chance": 5
      },
      {
        "itemID": "gloves4",
        "quantity": { "min": 1, "max": 1 },
        "chance": 5
      },
      {
        "itemID": "boots3",
        "quantity": { "min": 1, "max": 1 },
        "chance": 5
      },
      {
        "itemID": "vscale_amul",
        "quantity": { "min": 1, "max": 1 },
        "chance": 1
      }
    ]
  },
  {
    "id": "brtender",
    "items": [
      {
        "itemID": "health",
        "quantity": { "min": 1, "max": 1 },
        "chance": 10
      },
      {
        "itemID": "clmr_wrmas",
        "quantity": { "min": 1, "max": 1 },
        "chance": "1/1000"
      }
    ]
  },
  {
    "id": "zortak",
    "items": [
      {
        "itemID": "gold",
        "quantity": { "min": 1, "max": 5 },
        "chance": 30
      },
      {
        "itemID": "health",
        "quantity": { "min": 1, "max": 1 },
        "chance": 10
      },
      {
        "itemID": "hglv_irn",
        "quantity": { "min": 1, "max": 1 },
        "chance": 5
      },
      {
        "quantity": { "min": 1, "max": 1 },
        "itemID": "clmr_wrld",
        "chance": 1
      },
      {
        "itemID": "junk_necklace0",
        "quantity": { "min": 1, "max": 1 },
        "chance": 5
      }
    ]
  },
  {
    "id": "zortakb",
    "items": [
      {
        "itemID": "gold",
        "quantity": { "min": 50, "max": 100 },
        "chance": 100
      },
      {
        "itemID": "health",
        "quantity": { "min": 2, "max": 2 },
        "chance": 100
      },
      {
        "itemID": "haub_serp",
        "quantity": { "min": 1, "max": 1 },
        "chance": 100
      }
    ]
  },
  {
    "id": "lbridge",
    "items": [
      {
        "itemID": "gold",
        "quantity": { "min": 20, "max": 40 },
        "chance": 100
      },
      {
        "itemID": "pot_courage",
        "quantity": { "min": 1, "max": 1 },
        "chance": 5
      },
      {
        "itemID": "graxe_shatter",
        "quantity": { "min": 1, "max": 1 },
        "chance": 100
      },
      {
        "itemID": "health",
        "quantity": { "min": 3, "max": 3 },
        "chance": 100
      }
    ]
  },
  {
    "id": "morkin",
    "items": [
      {
        "itemID": "gold",
        "quantity": { "min": 1, "max": 10 },
        "chance": 30
      },
      {
        "itemID": "pot_courage",
        "quantity": { "min": 1, "max": 1 },
        "chance": 5
      },
      {
        "itemID": "health",
        "quantity": { "min": 1, "max": 1 },
        "chance": 10
      },
      {
        "itemID": "clmr_dl",
        "quantity": { "min": 1, "max": 1 },
        "chance": 1
      },
      {
        "itemID": "hvhead_irn",
        "quantity": { "min": 1, "max": 1 },
        "chance": 1
      }
    ]
  },
  {
    "id": "khakin",
    "items": [
      {
        "itemID": "gold",
        "quantity": { "min": 1, "max": 5 },
        "chance": 20
      },
      {
        "itemID": "meat",
        "quantity": { "min": 1, "max": 1 },
        "chance": 10
      },
      {
        "itemID": "khakin",
        "quantity": { "min": 1, "max": 1 },
        "chance": 5
      }
    ]
  },
  {
    "id": "cryptmist",
    "items": [
      {
        "itemID": "axe_fear",
        "quantity": { "min": 1, "max": 1 },
        "chance": 1
      }
    ]
  },
  {
    "id": "hirathil",
    "items": [
      {
        "itemID": "vial_empty1",
        "quantity": { "min": 1, "max": 1 },
        "chance": 5
      },
      {
        "itemID": "gem1",
        "quantity": { "min": 1, "max": 1 },
        "chance": 5
      },
      {
        "itemID": "scptr_runed",
        "quantity": { "min": 1, "max": 1 },
        "chance": 1
      }
    ]
  },
  {
    "id": "mazarth",
    "items": [
      {
        "itemID": "gold",
        "quantity": { "min": 0, "max": 30 },
        "chance": 30
      },
      {
        "itemID": "bone",
        "quantity": { "min": 0, "max": 5 },
        "chance": 50
      },
      {
        "itemID": "meat",
        "quantity": { "min": 0, "max": 5 },
        "chance": 30
      },
      {
        "itemID": "mace_iron",
        "quantity": { "min": 1, "max": 1 },
        "chance": 5
      }
    ]
  },
  {
    "id": "ash",
    "items": [
      {
        "itemID": "ash",
        "quantity": { "min": 0, "max": 3 },
        "chance": 10
      },
      {
        "itemID": "axe_black2",
        "quantity": { "min": 1, "max": 1 },
        "chance": 5
      }
    ]
  },
  {
    "id": "ashsp",
    "items": [
      {
        "itemID": "ash",
        "quantity": { "min": 0, "max": 2 },
        "chance": 10
      },
      {
        "itemID": "axe_black2",
        "quantity": { "min": 1, "max": 1 },
        "chance": 5
      },
      {
        "itemID": "gem_fire",
        "quantity": { "min": 1, "max": 1 },
        "chance": "1/1000"
      }
    ]
  },
  {
    "id": "fire",
    "items": [
      {
        "itemID": "ash",
        "quantity": { "min": 0, "max": 1 },
        "chance": 10
      },
      {
        "quantity": { "min": 1, "max": 3 },
        "itemID": "gem1",
        "chance": 100
      }
    ]
  }
]