[
  {
    "id": "lodar_pot_barkskin",
    "items": [
      {
        "quantity": { "min": 1, "max": 1 },
        "itemID": "pot_barkskin",
        "chance": 100
      }
    ]
  },
  {
    "id": "lodar_pot_barkskin_x5",
    "items": [
      {
        "quantity": { "min": 5, "max": 5 },
        "itemID": "pot_barkskin",
        "chance": 100
      }
    ]
  },
  {
    "id": "lodar_pot_barkskin_x10",
    "items": [
      {
        "quantity": { "min": 10, "max": 10 },
        "itemID": "pot_barkskin",
        "chance": 100
      }
    ]
  },
  {
    "id": "lodar_pot_def",
    "items": [
      {
        "quantity": { "min": 1, "max": 1 },
        "itemID": "pot_def",
        "chance": 100
      }
    ]
  },
  {
    "id": "lodar_pot_def_x5",
    "items": [
      {
        "quantity": { "min": 5, "max": 5 },
        "itemID": "pot_def",
        "chance": 100
      }
    ]
  },
  {
    "id": "lodar_pot_def_x10",
    "items": [
      {
        "quantity": { "min": 10, "max": 10 },
        "itemID": "pot_def",
        "chance": 100
      }
    ]
  },
  {
    "id": "lodar_pot_str",
    "items": [
      {
        "quantity": { "min": 1, "max": 1 },
        "itemID": "pot_str",
        "chance": 100
      }
    ]
  },
  {
    "id": "lodar_pot_str_x5",
    "items": [
      {
        "quantity": { "min": 5, "max": 5 },
        "itemID": "pot_str",
        "chance": 100
      }
    ]
  },
  {
    "id": "lodar_pot_str_x10",
    "items": [
      {
        "quantity": { "min": 10, "max": 10 },
        "itemID": "pot_str",
        "chance": 100
      }
    ]
  },
  {
    "id": "lodarstone",
    "items": [
      {
        "quantity": { "min": 1, "max": 1 },
        "itemID": "lodarstone",
        "chance": 100
      }
    ]
  },
  {
    "id": "lodar_letter",
    "items": [
      {
        "quantity": { "min": 1, "max": 1 },
        "itemID": "lodar_letter",
        "chance": 100
      }
    ]
  },
  {
    "id": "hornbeam",
    "items": [
      {
        "quantity": { "min": 1, "max": 1 },
        "itemID": "hornbeam",
        "chance": 100
      }
    ]
  },
  {
    "id": "xulviir",
    "items": [
      {
        "quantity": { "min": 1, "max": 1 },
        "itemID": "xulviir",
        "chance": 100
      }
    ]
  },
  {
    "id": "charwood2g",
    "items": [
      {
        "quantity": {
          "min": 731,
          "max": 731
        },
        "itemID": "gold",
        "chance": 100
      }
    ]
  },
  {
    "id": "charwood2i",
    "items": [
      {
        "quantity": { "min": 1, "max": 1 },
        "itemID": "hboot_wirn",
        "chance": 100
      },
      {
        "quantity": { "min": 1, "max": 1 },
        "itemID": "ring_atkch1",
        "chance": 100
      }
    ]
  },
  {
    "id": "antifoodp",
    "items": [
      {
        "quantity": { "min": 1, "max": 1 },
        "itemID": "antifoodp",
        "chance": 100
      }
    ]
  },
  {
    "id": "antifoodp_x5",
    "items": [
      {
        "quantity": { "min": 5, "max": 5 },
        "itemID": "antifoodp",
        "chance": 100
      }
    ]
  },
  {
    "id": "antifoodp_x10",
    "items": [
      {
        "quantity": { "min": 10, "max": 10 },
        "itemID": "antifoodp",
        "chance": 100
      }
    ]
  }
]