[
    {
        "id": "shop_thorin",
        "items": [
            {
                "itemID": "pot_scaradon",
                "quantity": {
                    "min": 30,
                    "max": 30
                },
                "chance": 100
            }
        ]
    },
    {
        "id": "shop_hjaldar",
        "items": [
            {
                "itemID": "pot_focus_dmg",
                "quantity": {
                    "min": 8,
                    "max": 8
                },
                "chance": 100
            },
            {
                "itemID": "pot_focus_ac",
                "quantity": {
                    "min": 8,
                    "max": 8
                },
                "chance": 100
            },
            {
                "itemID": "pot_focus_dmg2",
                "quantity": {
                    "min": 5,
                    "max": 5
                },
                "chance": 100
            },
            {
                "itemID": "pot_focus_ac2",
                "quantity": {
                    "min": 5,
                    "max": 5
                },
                "chance": 100
            }
        ]
    },
    {
        "id": "shop_rothses",
        "items": [
            {
                "itemID": "remgard_shield_1",
                "quantity": {
                    "min": 1,
                    "max": 1
                },
                "chance": 100
            },
            {
                "itemID": "helm_combat1",
                "quantity": {
                    "min": 1,
                    "max": 1
                },
                "chance": 100
            },
            {
                "itemID": "helm_combat2",
                "quantity": {
                    "min": 1,
                    "max": 1
                },
                "chance": 100
            },
            {
                "itemID": "helm_combat3",
                "quantity": {
                    "min": 1,
                    "max": 1
                },
                "chance": 100
            },
            {
                "itemID": "helm_defend1",
                "quantity": {
                    "min": 1,
                    "max": 1
                },
                "chance": 100
            },
            {
                "itemID": "gloves_guard1",
                "quantity": {
                    "min": 1,
                    "max": 1
                },
                "chance": 100
            },
            {
                "itemID": "boots_combat1",
                "quantity": {
                    "min": 1,
                    "max": 1
                },
                "chance": 100
            },
            {
                "itemID": "boots_combat2",
                "quantity": {
                    "min": 1,
                    "max": 1
                },
                "chance": 100
            },
            {
                "itemID": "boots_remgard1",
                "quantity": {
                    "min": 1,
                    "max": 1
                },
                "chance": 100
            },
            {
                "itemID": "boots_guard1",
                "quantity": {
                    "min": 1,
                    "max": 1
                },
                "chance": 100
            },
            {
                "itemID": "ltbdy_spmail",
                "quantity": { "min": 1, "max": 1 },
                "chance": 100
            },
            {
                "itemID": "spmail2",
                "quantity": { "min": 1, "max": 1 },
                "chance": 100
            },
            {
                "itemID": "hboot_plat",
                "quantity": { "min": 1, "max": 1 },
                "chance": 100
            }
        ]
    },
    {
        "id": "shop_arghes",
        "items": [
            {
                "itemID": "ring_barbrawler",
                "quantity": {
                    "min": 1,
                    "max": 1
                },
                "chance": 100
            },
            {
                "itemID": "boots_brawler",
                "quantity": {
                    "min": 1,
                    "max": 1
                },
                "chance": 100
            },
            {
                "itemID": "helm_redeye1",
                "quantity": {
                    "min": 1,
                    "max": 1
                },
                "chance": 100
            },
            {
                "itemID": "helm_redeye2",
                "quantity": {
                    "min": 1,
                    "max": 1
                },
                "chance": 100
            },
            {
                "itemID": "ring_troublemaker",
                "quantity": {
                    "min": 1,
                    "max": 1
                },
                "chance": 100
            }
        ]
    },
    {
        "id": "shop_arnal",
        "items": [
            {
                "itemID": "sword_hard_iron",
                "quantity": {
                    "min": 1,
                    "max": 1
                },
                "chance": 100
            },
            {
                "itemID": "axe_fine_iron",
                "quantity": {
                    "min": 1,
                    "max": 1
                },
                "chance": 100
            },
            {
                "itemID": "longsword_hard_iron",
                "quantity": {
                    "min": 1,
                    "max": 1
                },
                "chance": 100
            },
            {
                "itemID": "dagger_sharp_steel",
                "quantity": {
                    "min": 1,
                    "max": 1
                },
                "chance": 100
            },
            {
                "itemID": "gloves_combat1",
                "quantity": {
                    "min": 1,
                    "max": 1
                },
                "chance": 100
            },
            {
                "itemID": "gloves_remgard1",
                "quantity": {
                    "min": 1,
                    "max": 1
                },
                "chance": 100
            },
            {
                "itemID": "gloves_remgard2",
                "quantity": {
                    "min": 1,
                    "max": 1
                },
                "chance": 100
            }
        ]
    },
    {
        "id": "shop_ervelyn",
        "items": [
            {
                "itemID": "shirt_weathered",
                "quantity": {
                    "min": 1,
                    "max": 1
                },
                "chance": 100
            },
            {
                "itemID": "shirt_patched_cloth",
                "quantity": {
                    "min": 1,
                    "max": 1
                },
                "chance": 100
            },
            {
                "itemID": "shirt2",
                "quantity": {
                    "min": 1,
                    "max": 1
                },
                "chance": 100
            },
            {
                "itemID": "armour_cvest1",
                "quantity": {
                    "min": 1,
                    "max": 1
                },
                "chance": 100
            },
            {
                "itemID": "armour_cvest2",
                "quantity": {
                    "min": 1,
                    "max": 1
                },
                "chance": 100
            },
            {
                "itemID": "gloves_leather1",
                "quantity": {
                    "min": 1,
                    "max": 1
                },
                "chance": 100
            },
            {
                "itemID": "gloves_arulir",
                "quantity": {
                    "min": 1,
                    "max": 1
                },
                "chance": 100
            }
        ]
    },
    {
        "id": "shop_kendelow",
        "items": [
            {
                "itemID": "meat_cooked",
                "quantity": {
                    "min": 5,
                    "max": 5
                },
                "chance": 100
            },
            {
                "itemID": "carrot",
                "quantity": {
                    "min": 5,
                    "max": 5
                },
                "chance": 100
            },
            {
                "itemID": "mushroom",
                "quantity": {
                    "min": 5,
                    "max": 5
                },
                "chance": 100
            },
            {
                "itemID": "mead",
                "quantity": {
                    "min": 5,
                    "max": 5
                },
                "chance": 100
            }
        ]
    },
    {
        "id": "shop_skylenar",
        "items": [
            {
                "itemID": "health_minor2",
                "quantity": {
                    "min": 10,
                    "max": 10
                },
                "chance": 100
            },
            {
                "itemID": "health",
                "quantity": {
                    "min": 10,
                    "max": 10
                },
                "chance": 100
            },
            {
                "itemID": "health_major2",
                "quantity": {
                    "min": 10,
                    "max": 10
                },
                "chance": 100
            },
            {
                "itemID": "ring_dmg6",
                "quantity": {
                    "min": 1,
                    "max": 1
                },
                "chance": 100
            },
            {
                "itemID": "ring_protector",
                "quantity": {
                    "min": 1,
                    "max": 1
                },
                "chance": 100
            }
        ]
    }
]
