[
    {
        "id": "startitems",
        "items": [
            {
                "itemID": "gold",
                "quantity": {
                    "min": 12,
                    "max": 12
                },
                "chance": 100
            },
            {
                "itemID": "club1",
                "quantity": {
                    "min": 1,
                    "max": 1
                },
                "chance": 100
            },
            {
                "itemID": "shirt1",
                "quantity": {
                    "min": 1,
                    "max": 1
                },
                "chance": 100
            },
            {
                "itemID": "ring_mikhail",
                "quantity": {
                    "min": 1,
                    "max": 1
                },
                "chance": 100
            },
            {
                "itemID": "apple_green",
                "quantity": { "min": 2, "max": 2 },
                "chance": 100
            }
        ]
    },
    {
        "id": "startitems2",
        "items": [
            {
                "itemID": "gold",
                "quantity": {
                    "min": 12,
                    "max": 12
                },
                "chance": 100
            }
        ]
    },
    {
        "id": "gold200",
        "items": [
            {
                "itemID": "gold",
                "quantity": {
                    "min": 200,
                    "max": 200
                },
                "chance": 100
            }
        ]
    },
    {
        "id": "rat",
        "items": [
            {
                "itemID": "gold",
                "quantity": {
                    "min": 2,
                    "max": 4
                },
                "chance": 100
            },
            {
                "itemID": "rat_tail",
                "quantity": {
                    "min": 1,
                    "max": 1
                },
                "chance": 30
            }
        ]
    },
    {
        "id": "trainingrat",
        "items": [
            {
                "itemID": "gold",
                "quantity": {
                    "min": 0,
                    "max": 2
                },
                "chance": 100
            },
            {
                "itemID": "tail_trainingrat",
                "quantity": {
                    "min": 1,
                    "max": 1
                },
                "chance": 100
            }
        ]
    },
    {
        "id": "gold20",
        "items": [
            {
                "itemID": "gold",
                "quantity": {
                    "min": 20,
                    "max": 20
                },
                "chance": 100
            }
        ]
    },
    {
        "id": "canine",
        "items": [
            {
                "itemID": "gold",
                "quantity": {
                    "min": 3,
                    "max": 6
                },
                "chance": 70
            },
            {
                "itemID": "gem1",
                "quantity": {
                    "min": 1,
                    "max": 1
                },
                "chance": 5
            },
            {
                "itemID": "meat",
                "quantity": {
                    "min": 1,
                    "max": 1
                },
                "chance": 30
            }
        ]
    },
    {
        "id": "insect",
        "items": [
            {
                "itemID": "gold",
                "quantity": {
                    "min": 2,
                    "max": 4
                },
                "chance": 70
            },
            {
                "itemID": "shell",
                "quantity": {
                    "min": 1,
                    "max": 1
                },
                "chance": 30
            }
        ]
    },
    {
        "id": "wasp",
        "items": [
            {
                "itemID": "gold",
                "quantity": {
                    "min": 2,
                    "max": 4
                },
                "chance": 70
            },
            {
                "itemID": "insectwing",
                "quantity": {
                    "min": 1,
                    "max": 1
                },
                "chance": 30
            }
        ]
    },
    {
        "id": "gold51",
        "items": [
            {
                "itemID": "gold",
                "quantity": {
                    "min": 51,
                    "max": 51
                },
                "chance": 100
            }
        ]
    },
    {
        "id": "caveratboss",
        "items": [
            {
                "itemID": "gold",
                "quantity": {
                    "min": 10,
                    "max": 10
                },
                "chance": 100
            },
            {
                "itemID": "tail_caverat",
                "quantity": {
                    "min": 1,
                    "max": 1
                },
                "chance": 100
            },
            {
                "itemID": "gem1",
                "quantity": {
                    "min": 1,
                    "max": 1
                },
                "chance": 5
            }
        ]
    }
]
