[
    {
        "id": "harlenn",
        "items": [
            {
                "itemID": "harlenn_id",
                "quantity": {
                    "min": 1,
                    "max": 1
                },
                "chance": 100
            },
            {
                "itemID": "ring_shadow_embrace",
                "quantity": {
                    "min": 1,
                    "max": 1
                },
                "chance": 100
            },
            {
                "itemID": "gold",
                "quantity": {
                    "min": 20,
                    "max": 50
                },
                "chance": 100
            }
        ]
    },
    {
        "id": "guthbered",
        "items": [
            {
                "itemID": "guthbered_id",
                "quantity": {
                    "min": 1,
                    "max": 1
                },
                "chance": 100
            },
            {
                "itemID": "dagger_barbed",
                "quantity": {
                    "min": 1,
                    "max": 1
                },
                "chance": 100
            },
            {
                "itemID": "gold",
                "quantity": {
                    "min": 20,
                    "max": 50
                },
                "chance": 100
            }
        ]
    },
    {
        "id": "harlenn_reward",
        "items": [
            {
                "itemID": "clouded_rage",
                "quantity": {
                    "min": 1,
                    "max": 1
                },
                "chance": 100
            },
            {
                "itemID": "gold",
                "quantity": {
                    "min": 50,
                    "max": 50
                },
                "chance": 100
            },
            {
                "itemID": "health",
                "quantity": {
                    "min": 2,
                    "max": 2
                },
                "chance": 100
            }
        ]
    },
    {
        "id": "guthbered_reward",
        "items": [
            {
                "itemID": "bwm_dagger",
                "quantity": {
                    "min": 1,
                    "max": 1
                },
                "chance": 100
            },
            {
                "itemID": "gold",
                "quantity": {
                    "min": 50,
                    "max": 50
                },
                "chance": 100
            },
            {
                "itemID": "health",
                "quantity": {
                    "min": 2,
                    "max": 2
                },
                "chance": 100
            },
            {
                "itemID": "bwm_permit",
                "quantity": {
                    "min": 1,
                    "max": 1
                },
                "chance": 100
            }
        ]
    },
    {
        "id": "throdna_items",
        "items": [
            {
                "itemID": "q_kazaul_vial",
                "quantity": {
                    "min": 1,
                    "max": 1
                },
                "chance": 100
            }
        ]
    },
    {
        "id": "fulus_reward",
        "items": [
            {
                "itemID": "gold",
                "quantity": {
                    "min": 450,
                    "max": 450
                },
                "chance": 100
            }
        ]
    },
    {
        "id": "container_primsleep",
        "items": [
            {
                "itemID": "gold",
                "quantity": {
                    "min": 1,
                    "max": 5
                },
                "chance": 100
            }
        ]
    },
    {
        "id": "shop_herec",
        "items": [
            {
                "itemID": "pot_fatigue_restore",
                "quantity": {
                    "min": 10,
                    "max": 10
                },
                "chance": 100
            }
        ]
    },
    {
        "id": "kazaul_guardian",
        "items": [
            {
                "itemID": "gold",
                "quantity": {
                    "min": 52,
                    "max": 52
                },
                "chance": 100
            },
            {
                "itemID": "gem3",
                "quantity": {
                    "min": 1,
                    "max": 1
                },
                "chance": 100
            },
            {
                "itemID": "health",
                "quantity": {
                    "min": 2,
                    "max": 2
                },
                "chance": 100
            },
            {
                "itemID": "shadow_slayer",
                "quantity": {
                    "min": 1,
                    "max": 1
                },
                "chance": 100
            }
        ]
    },
    {
        "id": "bjorgur_bandit",
        "items": [
            {
                "itemID": "gold",
                "quantity": {
                    "min": 10,
                    "max": 50
                },
                "chance": 100
            },
            {
                "itemID": "gem2",
                "quantity": {
                    "min": 1,
                    "max": 1
                },
                "chance": 100
            },
            {
                "itemID": "ring2",
                "quantity": {
                    "min": 1,
                    "max": 1
                },
                "chance": 100
            },
            {
                "itemID": "gloves1",
                "quantity": {
                    "min": 1,
                    "max": 1
                },
                "chance": 100
            },
            {
                "itemID": "bjorgur_dagger",
                "quantity": {
                    "min": 1,
                    "max": 1
                },
                "chance": 100
            }
        ]
    },
    {
        "id": "shop_birgil",
        "items": [
            {
                "itemID": "mead",
                "quantity": {
                    "min": 10,
                    "max": 10
                },
                "chance": 100
            },
            {
                "itemID": "health_minor2",
                "quantity": {
                    "min": 10,
                    "max": 10
                },
                "chance": 100
            },
            {
                "itemID": "health",
                "quantity": {
                    "min": 10,
                    "max": 10
                },
                "chance": 100
            },
            {
                "itemID": "radish",
                "quantity": {
                    "min": 5,
                    "max": 5
                },
                "chance": 100
            }
        ]
    },
    {
        "id": "shop_samar",
        "items": [
            {
                "itemID": "health",
                "quantity": {
                    "min": 10,
                    "max": 10
                },
                "chance": 100
            },
            {
                "itemID": "health_major2",
                "quantity": {
                    "min": 10,
                    "max": 10
                },
                "chance": 100
            },
            {
                "itemID": "pot_poison_weak_antidote",
                "quantity": {
                    "min": 10,
                    "max": 10
                },
                "chance": 100
            },
            {
                "itemID": "pot_bleeding_ointment",
                "quantity": {
                    "min": 10,
                    "max": 10
                },
                "chance": 100
            },
            {
                "itemID": "pot_speed_1",
                "quantity": {
                    "min": 10,
                    "max": 10
                },
                "chance": 100
            }
        ]
    },
    {
        "id": "shop_mazeg",
        "items": [
            {
                "itemID": "health",
                "quantity": {
                    "min": 10,
                    "max": 10
                },
                "chance": 100
            },
            {
                "itemID": "health_major2",
                "quantity": {
                    "min": 10,
                    "max": 10
                },
                "chance": 100
            },
            {
                "itemID": "bwm_brew",
                "quantity": {
                    "min": 10,
                    "max": 10
                },
                "chance": 100
            },
            {
                "itemID": "pot_poison_weak",
                "quantity": {
                    "min": 10,
                    "max": 10
                },
                "chance": 100
            },
            {
                "itemID": "pot_blind_rage",
                "quantity": {
                    "min": 10,
                    "max": 10
                },
                "chance": 100
            }
        ]
    }
]
