[
    {
        "id": "sleepingmead",
        "items": [
            {
                "itemID": "sleepingmead",
                "quantity": {
                    "min": 1,
                    "max": 1
                },
                "chance": 100
            }
        ]
    },
    {
        "id": "ff_outsideguard",
        "items": [
            {
                "itemID": "ffguard_qitem",
                "quantity": {
                    "min": 1,
                    "max": 1
                },
                "chance": 100
            },
            {
                "itemID": "vial_empty1",
                "quantity": {
                    "min": 1,
                    "max": 1
                },
                "chance": 100
            },
            {
                "itemID": "shield1",
                "quantity": {
                    "min": 1,
                    "max": 1
                },
                "chance": 100
            },
            {
                "itemID": "ironsword1",
                "quantity": {
                    "min": 1,
                    "max": 1
                },
                "chance": 100
            }
        ]
    },
    {
        "id": "beetle2",
        "items": [
            {
                "itemID": "gold",
                "quantity": {
                    "min": 0,
                    "max": 12
                },
                "chance": 70
            },
            {
                "itemID": "shell",
                "quantity": {
                    "min": 1,
                    "max": 1
                },
                "chance": 30
            }
        ]
    },
    {
        "id": "shadowgarg1",
        "items": [
            {
                "itemID": "gold",
                "quantity": {
                    "min": 5,
                    "max": 12
                },
                "chance": 70
            },
            {
                "itemID": "gem2",
                "quantity": {
                    "min": 1,
                    "max": 1
                },
                "chance": 25
            }
        ]
    },
    {
        "id": "shadowgarg2",
        "items": [
            {
                "itemID": "gold",
                "quantity": {
                    "min": 3,
                    "max": 19
                },
                "chance": 70
            },
            {
                "itemID": "gem2",
                "quantity": {
                    "min": 1,
                    "max": 1
                },
                "chance": 25
            },
            {
                "itemID": "health",
                "quantity": {
                    "min": 1,
                    "max": 1
                },
                "chance": 25
            },
            {
                "itemID": "rock",
                "quantity": {
                    "min": 1,
                    "max": 1
                },
                "chance": 25
            }
        ]
    },
    {
        "id": "shadowgarg3",
        "items": [
            {
                "itemID": "gold",
                "quantity": {
                    "min": 16,
                    "max": 23
                },
                "chance": 70
            },
            {
                "itemID": "gem2",
                "quantity": {
                    "min": 1,
                    "max": 1
                },
                "chance": 25
            },
            {
                "itemID": "gem3",
                "quantity": {
                    "min": 1,
                    "max": 1
                },
                "chance": 10
            },
            {
                "itemID": "health",
                "quantity": {
                    "min": 1,
                    "max": 1
                },
                "chance": 25
            },
            {
                "itemID": "rock",
                "quantity": {
                    "min": 1,
                    "max": 1
                },
                "chance": 25
            },
            {
                "itemID": "ring_shadow0",
                "quantity": {
                    "min": 1,
                    "max": 1
                },
                "chance": "1/10000"
            }
        ]
    },
    {
        "id": "maelveon",
        "items": [
            {
                "itemID": "gold",
                "quantity": {
                    "min": 52,
                    "max": 52
                },
                "chance": 100
            },
            {
                "itemID": "gem3",
                "quantity": {
                    "min": 1,
                    "max": 1
                },
                "chance": 100
            },
            {
                "itemID": "health",
                "quantity": {
                    "min": 2,
                    "max": 2
                },
                "chance": 100
            },
            {
                "itemID": "armor_stone",
                "quantity": {
                    "min": 1,
                    "max": 1
                },
                "chance": 100
            }
        ]
    }
]
