[
  {
    "id": "shop_fallhaven_lumberjack",
    "items": [
      {
        "quantity": {
          "min": 2,
          "max": 2
        },
        "itemID": "club1",
        "chance": 100
      },
      {
        "quantity": {
          "min": 1,
          "max": 1
        },
        "itemID": "axe1",
        "chance": 100
      },
      {
        "quantity": {
          "min": 1,
          "max": 1
        },
        "itemID": "axe2",
        "chance": 100
      },
      {
        "quantity": {
          "min": 1,
          "max": 1
        },
        "itemID": "broken_buckler",
        "chance": 100
      },
      {
        "quantity": {
          "min": 2,
          "max": 2
        },
        "itemID": "shield_crude_wooden",
        "chance": 100
      }
    ]
  },
  {
    "id": "jakrar_axe_drop",
    "items": [
      {
        "quantity": {
          "min": 1,
          "max": 1
        },
        "itemID": "jakrar_axe",
        "chance": 100
      },
      {
        "quantity": {
          "min": 50,
          "max": 50
        },
        "itemID": "gold",
        "chance": 100
      },
      {
        "quantity": {
          "min": 1,
          "max": 1
        },
        "itemID": "hair",
        "chance": 100
      },
      {
        "quantity": {
          "min": 2,
          "max": 2
        },
        "itemID": "meat",
        "chance": 100
      }
    ]
  }
]