[
    {
        "id": "fieldwasp",
        "items": [
            {
                "itemID": "gold",
                "quantity": {
                    "min": 0,
                    "max": 10
                },
                "chance": 70
            },
            {
                "itemID": "insectwing",
                "quantity": {
                    "min": 1,
                    "max": 1
                },
                "chance": 30
            }
        ]
    },
    {
        "id": "larva_1",
        "items": [
            {
                "itemID": "gold",
                "quantity": {
                    "min": 0,
                    "max": 5
                },
                "chance": 70
            },
            {
                "itemID": "gem1",
                "quantity": {
                    "min": 1,
                    "max": 1
                },
                "chance": 30
            }
        ]
    },
    {
        "id": "larva_2",
        "items": [
            {
                "itemID": "gold",
                "quantity": {
                    "min": 0,
                    "max": 9
                },
                "chance": 70
            },
            {
                "itemID": "gem1",
                "quantity": {
                    "min": 1,
                    "max": 1
                },
                "chance": 30
            }
        ]
    },
    {
        "id": "fieldcritter_0",
        "items": [
            {
                "itemID": "gold",
                "quantity": {
                    "min": 0,
                    "max": 4
                },
                "chance": 70
            },
            {
                "itemID": "shell",
                "quantity": {
                    "min": 1,
                    "max": 1
                },
                "chance": 30
            }
        ]
    },
    {
        "id": "fieldcritter_1",
        "items": [
            {
                "itemID": "gold",
                "quantity": {
                    "min": 0,
                    "max": 9
                },
                "chance": 70
            },
            {
                "itemID": "shell",
                "quantity": {
                    "min": 1,
                    "max": 1
                },
                "chance": 30
            }
        ]
    },
    {
        "id": "fieldcritter_2",
        "items": [
            {
                "itemID": "gold",
                "quantity": {
                    "min": 3,
                    "max": 15
                },
                "chance": 70
            },
            {
                "itemID": "gland",
                "quantity": {
                    "min": 1,
                    "max": 1
                },
                "chance": 30
            },
            {
                "itemID": "ring1",
                "quantity": {
                    "min": 1,
                    "max": 1
                },
                "chance": 5
            }
        ]
    },
    {
        "id": "fieldcritter_3",
        "items": [
            {
                "itemID": "gold",
                "quantity": {
                    "min": 3,
                    "max": 17
                },
                "chance": 70
            },
            {
                "itemID": "gland",
                "quantity": {
                    "min": 1,
                    "max": 1
                },
                "chance": 30
            },
            {
                "itemID": "ring1",
                "quantity": {
                    "min": 1,
                    "max": 1
                },
                "chance": 5
            },
            {
                "itemID": "ring2",
                "quantity": {
                    "min": 1,
                    "max": 1
                },
                "chance": 5
            }
        ]
    },
    {
        "id": "rivertroll",
        "items": [
            {
                "itemID": "gold",
                "quantity": {
                    "min": 0,
                    "max": 70
                },
                "chance": 70
            },
            {
                "itemID": "bone",
                "quantity": {
                    "min": 3,
                    "max": 5
                },
                "chance": 50
            },
            {
                "itemID": "meat",
                "quantity": {
                    "min": 3,
                    "max": 5
                },
                "chance": 30
            },
            {
                "itemID": "club_fine_wooden",
                "quantity": {
                    "min": 1,
                    "max": 1
                },
                "chance": 100
            }
        ]
    },
    {
        "id": "izthiel",
        "items": [
            {
                "itemID": "gold",
                "quantity": {
                    "min": 3,
                    "max": 15
                },
                "chance": 70
            },
            {
                "itemID": "izthiel_claw",
                "quantity": {
                    "min": 1,
                    "max": 1
                },
                "chance": 30
            },
            {
                "itemID": "ring_jinxed1",
                "quantity": {
                    "min": 1,
                    "max": 1
                },
                "chance": 1
            },
            {
                "itemID": "ring2",
                "quantity": {
                    "min": 1,
                    "max": 1
                },
                "chance": 5
            }
        ]
    },
    {
        "id": "izthiel_4",
        "items": [
            {
                "itemID": "gold",
                "quantity": {
                    "min": 3,
                    "max": 40
                },
                "chance": 70
            },
            {
                "itemID": "izthiel_claw",
                "quantity": {
                    "min": 1,
                    "max": 1
                },
                "chance": 30
            },
            {
                "itemID": "ring_jinxed1",
                "quantity": {
                    "min": 1,
                    "max": 1
                },
                "chance": 1
            },
            {
                "itemID": "ring2",
                "quantity": {
                    "min": 1,
                    "max": 1
                },
                "chance": 20
            },
            {
                "itemID": "shadowfang",
                "quantity": {
                    "min": 1,
                    "max": 1
                },
                "chance": "1/1000"
            }
        ]
    },
    {
        "id": "frog",
        "items": [
            {
                "itemID": "gold",
                "quantity": {
                    "min": 0,
                    "max": 3
                },
                "chance": 70
            }
        ]
    },
    {
        "id": "frog_3",
        "items": [
            {
                "itemID": "gold",
                "quantity": {
                    "min": 0,
                    "max": 3
                },
                "chance": 70
            },
            {
                "itemID": "gland",
                "quantity": {
                    "min": 1,
                    "max": 1
                },
                "chance": 30
            }
        ]
    },
    {
        "id": "iqhan_lesser",
        "items": [
            {
                "itemID": "gold",
                "quantity": {
                    "min": 1,
                    "max": 5
                },
                "chance": 70
            },
            {
                "itemID": "iqhan_pendant",
                "quantity": {
                    "min": 1,
                    "max": 1
                },
                "chance": 1
            },
            {
                "itemID": "shirt_torn",
                "quantity": {
                    "min": 1,
                    "max": 1
                },
                "chance": 5
            },
            {
                "itemID": "dagger0",
                "quantity": {
                    "min": 1,
                    "max": 1
                },
                "chance": 5
            }
        ]
    },
    {
        "id": "iqhan",
        "items": [
            {
                "itemID": "gold",
                "quantity": {
                    "min": 1,
                    "max": 9
                },
                "chance": 70
            },
            {
                "itemID": "iqhan_pendant",
                "quantity": {
                    "min": 1,
                    "max": 1
                },
                "chance": 5
            },
            {
                "itemID": "shield1",
                "quantity": {
                    "min": 1,
                    "max": 1
                },
                "chance": 5
            },
            {
                "itemID": "dagger0",
                "quantity": {
                    "min": 1,
                    "max": 1
                },
                "chance": 5
            }
        ]
    },
    {
        "id": "iqhan_master",
        "items": [
            {
                "itemID": "gold",
                "quantity": {
                    "min": 1,
                    "max": 9
                },
                "chance": 70
            },
            {
                "itemID": "iqhan_pendant",
                "quantity": {
                    "min": 1,
                    "max": 1
                },
                "chance": 5
            },
            {
                "itemID": "gloves_crude_cloth",
                "quantity": {
                    "min": 1,
                    "max": 1
                },
                "chance": 5
            },
            {
                "itemID": "dagger0",
                "quantity": {
                    "min": 1,
                    "max": 1
                },
                "chance": 5
            },
            {
                "itemID": "health",
                "quantity": {
                    "min": 1,
                    "max": 3
                },
                "chance": 5
            }
        ]
    },
    {
        "id": "iqhan_beast",
        "items": [
            {
                "itemID": "gold",
                "quantity": {
                    "min": 0,
                    "max": 1
                },
                "chance": 70
            },
            {
                "itemID": "chaosreaper",
                "quantity": {
                    "min": 1,
                    "max": 1
                },
                "chance": "1/1000"
            },
            {
                "itemID": "health",
                "quantity": {
                    "min": 1,
                    "max": 1
                },
                "chance": 5
            }
        ]
    },
    {
        "id": "iqhan_boss",
        "items": [
            {
                "itemID": "gold",
                "quantity": {
                    "min": 50,
                    "max": 100
                },
                "chance": 100
            },
            {
                "itemID": "iqhan_pendant",
                "quantity": {
                    "min": 1,
                    "max": 1
                },
                "chance": 100
            },
            {
                "itemID": "dagger_shadow_priests",
                "quantity": {
                    "min": 1,
                    "max": 1
                },
                "chance": 100
            },
            {
                "itemID": "health",
                "quantity": {
                    "min": 5,
                    "max": 7
                },
                "chance": 100
            }
        ]
    },
    {
        "id": "gold5",
        "items": [
            {
                "itemID": "gold",
                "quantity": {
                    "min": 5,
                    "max": 5
                },
                "chance": 100
            }
        ]
    },
    {
        "id": "gold25",
        "items": [
            {
                "itemID": "gold",
                "quantity": {
                    "min": 25,
                    "max": 25
                },
                "chance": 100
            }
        ]
    },
    {
        "id": "gold50",
        "items": [
            {
                "itemID": "gold",
                "quantity": {
                    "min": 50,
                    "max": 50
                },
                "chance": 100
            }
        ]
    },
    {
        "id": "gauward_sold_20",
        "items": [
            {
                "itemID": "gold",
                "quantity": {
                    "min": 100,
                    "max": 100
                },
                "chance": 100
            },
            {
                "itemID": "health",
                "quantity": {
                    "min": 2,
                    "max": 2
                },
                "chance": 100
            }
        ]
    }
]
