[
  {
    "id": "lodar_shortcut_loot_chest",
    "items": [
      {
        "quantity": {
          "min": 150,
          "max": 150
        },
        "itemID": "gold",
        "chance": 100
      },
      {
        "quantity": {
          "min": 1,
          "max": 1
        },
        "itemID": "hboot_wirn",
        "chance": 100
      },
      {
        "quantity": {
          "min": 1,
          "max": 1
        },
        "itemID": "hglv_irn",
        "chance": 100
      }
    ]
  }
]