[
    {
        "id": "tiqui",
        "name": "Tiqui's shield",
        "displaytype": "quest",
        "hasManualPrice": 1,
        "iconID": "items_misc_3:232",
        "category": "other"
    },
    {
        "id": "hornbeam",
        "name": "Spotted Hornbeam fungus",
        "displaytype": "quest",
        "hasManualPrice": 1,
        "iconID": "items_misc_3:126",
        "category": "other"
    },
    {
        "id": "lleglaris",
        "name": "Lleglaris' amulet",
        "displaytype": "quest",
        "hasManualPrice": 1,
        "iconID": "items_necklaces_1:8",
        "category": "other"
    },
    {
        "id": "lodarstone",
        "name": "Gatekeeper stone",
        "displaytype": "quest",
        "hasManualPrice": 1,
        "iconID": "items_misc_6:33",
        "category": "other"
    },
    {
        "id": "aulowenn",
        "name": "Aulowenn's signet ring",
        "displaytype": "quest",
        "hasManualPrice": 1,
        "iconID": "items_jewelry:0",
        "category": "other"
    },
    {
        "id": "hirazinn",
        "name": "Heart of the Hira'zinn",
        "displaytype": "quest",
        "hasManualPrice": 1,
        "iconID": "items_misc_3:65",
        "category": "other"
    },
    {
        "id": "thukuzun",
        "name": "Thukuzun bone",
        "displaytype": "quest",
        "hasManualPrice": 1,
        "iconID": "items_misc:44",
        "category": "other"
    },
    {
        "id": "xulviir0",
        "name": "Broken sword",
        "displaytype": "quest",
        "hasManualPrice": 1,
        "iconID": "items_misc_5:39",
        "category": "other"
    },
    {
        "id": "lodar_letter",
        "name": "Lodar's letter",
        "displaytype": "quest",
        "hasManualPrice": 1,
        "iconID": "items_misc_3:60",
        "category": "other",
        "description": "Lodar's letter to Lady Lydalon in the Valanyr temple of the Shadow in Nor City."
    }
]
