[
    {
        "id": "rock",
        "iconID": "items_misc:28",
        "name": "Small rock",
        "category": "gem",
        "hasManualPrice": 1,
        "baseMarketCost": 1
    },
    {
        "id": "gem1",
        "iconID": "items_misc:0",
        "name": "Glass gem",
        "category": "gem",
        "hasManualPrice": 1,
        "baseMarketCost": 2
    },
    {
        "id": "gem2",
        "iconID": "items_misc:1",
        "name": "Ruby gem",
        "category": "gem",
        "hasManualPrice": 1,
        "baseMarketCost": 6
    },
    {
        "id": "gem3",
        "iconID": "items_misc:2",
        "name": "Polished gem",
        "category": "gem",
        "hasManualPrice": 1,
        "baseMarketCost": 8
    },
    {
        "id": "gem4",
        "iconID": "items_misc:3",
        "name": "Sharpened gem",
        "category": "gem",
        "hasManualPrice": 1,
        "baseMarketCost": 13
    },
    {
        "id": "gem5",
        "iconID": "items_misc:5",
        "name": "Polished sparkling gem",
        "category": "gem",
        "hasManualPrice": 1,
        "baseMarketCost": 15
    }
]
