[
    {
        "id": "thorin_bone",
        "iconID": "items_misc:44",
        "name": "Chewed bone",
        "category": "animal",
        "displaytype": "quest",
        "hasManualPrice": 1,
        "baseMarketCost": 0
    },
    {
        "id": "spider",
        "iconID": "items_misc:40",
        "name": "Dead spider",
        "category": "animal",
        "hasManualPrice": 1,
        "baseMarketCost": 1
    },
    {
        "id": "irdegh",
        "iconID": "items_misc:49",
        "name": "Irdegh poison gland",
        "category": "animal",
        "hasManualPrice": 1,
        "baseMarketCost": 5
    },
    {
        "id": "arulir_skin",
        "iconID": "items_misc:39",
        "name": "Arulir skin",
        "category": "animal",
        "hasManualPrice": 1,
        "baseMarketCost": 4
    },
    {
        "id": "algangror_rat",
        "iconID": "items_misc:38",
        "name": "Strange looking rat tail",
        "category": "animal",
        "displaytype": "quest",
        "hasManualPrice": 1,
        "baseMarketCost": 0
    },
    {
        "id": "oegyth",
        "iconID": "items_misc:35",
        "name": "Oegyth crystal",
        "category": "gem",
        "displaytype": "quest",
        "hasManualPrice": 1,
        "baseMarketCost": 0
    },
    {
        "id": "toszylae_heart",
        "iconID": "items_misc:6",
        "name": "Demon heart",
        "category": "other",
        "displaytype": "quest",
        "hasManualPrice": 1,
        "baseMarketCost": 0
    },
    {
        "id": "potion_rotworm",
        "iconID": "items_consumables:63",
        "name": "Kazaul rotworm",
        "category": "other",
        "displaytype": "quest",
        "hasManualPrice": 1,
        "baseMarketCost": 0
    }
]
