[
    {
        "id": "ring_dmg1",
        "iconID": "items_jewelry:0",
        "name": "Ring of damage +1",
        "category": "ring",
        "baseMarketCost": 215,
        "equipEffect": {
            "increaseAttackDamage": {
                "min": 1,
                "max": 1
            }
        }
    },
    {
        "id": "ring_dmg2",
        "iconID": "items_jewelry:1",
        "name": "Ring of damage +2",
        "category": "ring",
        "baseMarketCost": 398,
        "equipEffect": {
            "increaseAttackDamage": {
                "min": 2,
                "max": 2
            }
        }
    },
    {
        "id": "ring_dmg5",
        "iconID": "items_jewelry:2",
        "name": "Ring of damage +5",
        "category": "ring",
        "displaytype": "rare",
        "baseMarketCost": 2014,
        "equipEffect": {
            "increaseAttackDamage": {
                "min": 5,
                "max": 5
            }
        }
    },
    {
        "id": "ring_dmg6",
        "iconID": "items_jewelry:3",
        "name": "Ring of damage +6",
        "category": "ring",
        "displaytype": "rare",
        "baseMarketCost": 3186,
        "equipEffect": {
            "increaseAttackDamage": {
                "min": 6,
                "max": 6
            }
        }
    },
    {
        "id": "ring_block1",
        "iconID": "items_jewelry:0",
        "name": "Lesser ring of block",
        "category": "ring",
        "displaytype": "rare",
        "baseMarketCost": 1239,
        "equipEffect": {
            "increaseBlockChance": 10
        }
    },
    {
        "id": "ring_block2",
        "iconID": "items_jewelry:0",
        "name": "Polished ring of block",
        "category": "ring",
        "displaytype": "rare",
        "baseMarketCost": 3866,
        "equipEffect": {
            "increaseBlockChance": 15
        }
    },
    {
        "id": "ring_atkch1",
        "iconID": "items_jewelry:0",
        "name": "Ring of surehit",
        "category": "ring",
        "baseMarketCost": 215,
        "equipEffect": {
            "increaseAttackChance": 15
        }
    },
    {
        "id": "ring1",
        "iconID": "items_jewelry:0",
        "name": "Mundane ring",
        "category": "ring",
        "hasManualPrice": 1,
        "baseMarketCost": 13,
        "equipEffect": {
            "increaseAttackDamage": {
                "min": 0,
                "max": 1
            }
        }
    },
    {
        "id": "ring2",
        "iconID": "items_jewelry:0",
        "name": "Polished ring",
        "category": "ring",
        "hasManualPrice": 1,
        "baseMarketCost": 21,
        "equipEffect": {
            "increaseBlockChance": 1
        }
    },
    {
        "id": "ring_jinxed1",
        "iconID": "items_jewelry:2",
        "name": "Jinxed ring of damage resistance",
        "category": "ring",
        "baseMarketCost": 229,
        "equipEffect": {
            "increaseBlockChance": -9,
            "increaseDamageResistance": 1
        }
    }
]
