[
    {
        "id": "jewel_fallhaven",
        "iconID": "items_jewelry:6",
        "name": "Jewel of Fallhaven",
        "category": "neck",
        "displaytype": "rare",
        "baseMarketCost": 3125,
        "equipEffect": {
            "increaseAttackCost": -1
        }
    },
    {
        "id": "necklace_shield1",
        "iconID": "items_jewelry:7",
        "name": "Necklace of the guardian",
        "category": "neck",
        "displaytype": "rare",
        "baseMarketCost": 935,
        "equipEffect": {
            "increaseBlockChance": 9
        }
    },
    {
        "id": "necklace_shield2",
        "iconID": "items_jewelry:7",
        "name": "Shielding necklace",
        "category": "neck",
        "displaytype": "rare",
        "baseMarketCost": 1255,
        "equipEffect": {
            "increaseBlockChance": 12
        }
    }
]
