[
    {
        "id": "club1",
        "iconID": "items_weapons:42",
        "name": "Wooden club",
        "category": "club",
        "baseMarketCost": 7,
        "equipEffect": {
            "increaseAttackCost": 5,
            "increaseAttackChance": 10,
            "increaseAttackDamage": {
                "min": 0,
                "max": 1
            }
        }
    },
    {
        "id": "club3",
        "iconID": "items_weapons:44",
        "name": "Iron club",
        "category": "mace",
        "baseMarketCost": 253,
        "equipEffect": {
            "increaseAttackCost": 6,
            "increaseAttackChance": 5,
            "increaseAttackDamage": {
                "min": 2,
                "max": 7
            }
        }
    },
    {
        "id": "ironsword0",
        "iconID": "items_weapons:0",
        "name": "Crude iron sword",
        "category": "lsword",
        "baseMarketCost": 12,
        "equipEffect": {
            "increaseAttackCost": 5,
            "increaseAttackChance": 10,
            "increaseAttackDamage": {
                "min": 0,
                "max": 1
            }
        }
    },
    {
        "id": "hammer0",
        "iconID": "items_weapons:45",
        "name": "Iron hammer",
        "category": "hammer",
        "baseMarketCost": 12,
        "equipEffect": {
            "increaseAttackCost": 5,
            "increaseAttackChance": 10,
            "increaseAttackDamage": {
                "min": 0,
                "max": 1
            }
        }
    },
    {
        "id": "hammer1",
        "iconID": "items_weapons:45",
        "name": "Giant hammer",
        "category": "hammer2h",
        "baseMarketCost": 121,
        "equipEffect": {
            "increaseAttackCost": 10,
            "increaseAttackChance": 5,
            "increaseAttackDamage": {
                "min": 4,
                "max": 7
            }
        }
    },
    {
        "id": "dagger0",
        "iconID": "items_weapons:14",
        "name": "Iron dagger",
        "category": "dagger",
        "baseMarketCost": 12,
        "equipEffect": {
            "increaseAttackCost": 5,
            "increaseAttackChance": 10,
            "increaseAttackDamage": {
                "min": 0,
                "max": 1
            }
        }
    },
    {
        "id": "dagger1",
        "iconID": "items_weapons:14",
        "name": "Sharp iron dagger",
        "category": "dagger",
        "baseMarketCost": 53,
        "equipEffect": {
            "increaseAttackCost": 4,
            "increaseAttackChance": 20,
            "increaseAttackDamage": {
                "min": 1,
                "max": 2
            }
        }
    },
    {
        "id": "dagger2",
        "iconID": "items_weapons:14",
        "name": "Superior iron dagger",
        "category": "dagger",
        "baseMarketCost": 70,
        "equipEffect": {
            "increaseAttackCost": 4,
            "increaseAttackChance": 25,
            "increaseAttackDamage": {
                "min": 1,
                "max": 2
            }
        }
    },
    {
        "id": "shortsword1",
        "iconID": "items_weapons:15",
        "name": "Iron shortsword",
        "category": "ssword",
        "baseMarketCost": 78,
        "equipEffect": {
            "increaseAttackCost": 4,
            "increaseAttackChance": 15,
            "increaseAttackDamage": {
                "min": 1,
                "max": 2
            }
        }
    },
    {
        "id": "ironsword1",
        "iconID": "items_weapons:0",
        "name": "Iron sword",
        "category": "lsword",
        "baseMarketCost": 78,
        "equipEffect": {
            "increaseAttackCost": 5,
            "increaseAttackChance": 10,
            "increaseAttackDamage": {
                "min": 1,
                "max": 3
            }
        }
    },
    {
        "id": "ironsword2",
        "iconID": "items_weapons:1",
        "name": "Iron longsword",
        "category": "lsword",
        "baseMarketCost": 121,
        "equipEffect": {
            "increaseAttackCost": 5,
            "increaseAttackChance": 10,
            "increaseAttackDamage": {
                "min": 1,
                "max": 4
            }
        }
    },
    {
        "id": "broadsword1",
        "iconID": "items_weapons:5",
        "name": "Iron broadsword",
        "category": "bsword",
        "baseMarketCost": 251,
        "equipEffect": {
            "increaseAttackCost": 7,
            "increaseAttackChance": 2,
            "increaseAttackDamage": {
                "min": 1,
                "max": 10
            }
        }
    },
    {
        "id": "broadsword2",
        "iconID": "items_weapons:6",
        "name": "Steel broadsword",
        "category": "bsword",
        "baseMarketCost": 582,
        "equipEffect": {
            "increaseAttackCost": 6,
            "increaseAttackChance": 15,
            "increaseAttackDamage": {
                "min": 3,
                "max": 10
            }
        }
    },
    {
        "id": "steelsword1",
        "iconID": "items_weapons:7",
        "name": "Steel sword",
        "category": "lsword",
        "baseMarketCost": 874,
        "equipEffect": {
            "increaseAttackCost": 4,
            "increaseAttackChance": 24,
            "increaseAttackDamage": {
                "min": 3,
                "max": 7
            }
        }
    },
    {
        "id": "axe1",
        "iconID": "items_weapons:56",
        "name": "Woodcutter axe",
        "category": "axe",
        "baseMarketCost": 24,
        "equipEffect": {
            "increaseAttackCost": 5,
            "increaseAttackChance": 5,
            "increaseAttackDamage": {
                "min": 1,
                "max": 3
            }
        }
    },
    {
        "id": "axe2",
        "iconID": "items_weapons:56",
        "name": "Iron axe",
        "category": "axe",
        "baseMarketCost": 312,
        "equipEffect": {
            "increaseAttackCost": 6,
            "increaseAttackChance": 5,
            "increaseAttackDamage": {
                "min": 2,
                "max": 5
            }
        }
    },
    {
        "id": "quickdagger1",
        "iconID": "items_weapons:14",
        "name": "Quickstrike dagger",
        "category": "dagger",
        "displaytype": "rare",
        "baseMarketCost": 512,
        "equipEffect": {
            "increaseAttackCost": 3,
            "increaseAttackChance": 20,
            "increaseBlockChance": -20
        }
    }
]
