[
    {
        "id": "bwm_claws",
        "iconID": "items_misc:47",
        "name": "White wyrm claw",
        "category": "animal",
        "hasManualPrice": 1,
        "baseMarketCost": 35
    },
    {
        "id": "bwm_permit",
        "iconID": "items_books:8",
        "name": "Forged papers for Blackwater",
        "category": "other",
        "displaytype": "quest",
        "hasManualPrice": 1,
        "baseMarketCost": 0
    },
    {
        "id": "bjorgur_dagger",
        "iconID": "items_weapons:14",
        "name": "Bjorgur's family dagger",
        "category": "dagger",
        "displaytype": "quest",
        "hasManualPrice": 1,
        "baseMarketCost": 0,
        "equipEffect": {
            "increaseAttackCost": 5
        }
    },
    {
        "id": "q_kazaul_vial",
        "iconID": "items_consumables:57",
        "name": "Vial of purifying spirit",
        "category": "other",
        "displaytype": "quest",
        "hasManualPrice": 1,
        "baseMarketCost": 0
    },
    {
        "id": "guthbered_id",
        "iconID": "items_jewelry:0",
        "name": "Guthbered's ring",
        "category": "other",
        "displaytype": "quest",
        "hasManualPrice": 1,
        "baseMarketCost": 0
    },
    {
        "id": "harlenn_id",
        "iconID": "items_jewelry:0",
        "name": "Harlenn's ring",
        "category": "other",
        "displaytype": "quest",
        "hasManualPrice": 1,
        "baseMarketCost": 0
    }
]
