[
    {
        "id": "eye",
        "iconID": "items_misc:45",
        "name": "Eye",
        "category": "animal",
        "hasManualPrice": 1,
        "baseMarketCost": 6
    },
    {
        "id": "bat_wing",
        "iconID": "items_misc:46",
        "name": "Bat wing",
        "category": "animal",
        "hasManualPrice": 1,
        "baseMarketCost": 2
    },
    {
        "id": "feather",
        "iconID": "items_misc:16",
        "name": "Feather",
        "category": "animal",
        "hasManualPrice": 1,
        "baseMarketCost": 6
    },
    {
        "id": "red_feather",
        "iconID": "items_misc:15",
        "name": "Red feather",
        "category": "animal",
        "hasManualPrice": 1,
        "baseMarketCost": 11
    },
    {
        "id": "clay",
        "iconID": "actorconditions_1:9",
        "name": "Lump of clay",
        "category": "other",
        "hasManualPrice": 1,
        "baseMarketCost": 1
    },
    {
        "id": "gem6",
        "iconID": "items_misc:4",
        "name": "Shimmering gem",
        "category": "gem",
        "hasManualPrice": 1,
        "baseMarketCost": 26
    },
    {
        "id": "gem8",
        "iconID": "actorconditions_1:50",
        "name": "Brilliant gem",
        "category": "gem",
        "hasManualPrice": 1,
        "baseMarketCost": 68
    }
]
