[
    {
        "id": "tail_caverat",
        "iconID": "items_misc:38",
        "name": "Cave rat tail",
        "category": "animal",
        "displaytype": "quest",
        "hasManualPrice": 1,
        "baseMarketCost": 0
    },
    {
        "id": "tail_trainingrat",
        "iconID": "items_misc:38",
        "name": "Small rat tail",
        "category": "animal",
        "displaytype": "quest",
        "hasManualPrice": 1,
        "baseMarketCost": 0
    },
    {
        "id": "ring_mikhail",
        "iconID": "items_jewelry:0",
        "name": "Mikhail's ring",
        "category": "ring",
        "baseMarketCost": 15,
        "equipEffect": {
            "increaseAttackChance": 10
        }
    },
    {
        "id": "neck_irogotu",
        "iconID": "items_jewelry:7",
        "name": "Irogotu's necklace",
        "category": "neck",
        "displaytype": "extraordinary",
        "hasManualPrice": 1,
        "baseMarketCost": 30,
        "equipEffect": {
            "increaseBlockChance": 5,
            "increaseDamageResistance": 1
        }
    },
    {
        "id": "ring_gandir",
        "iconID": "items_jewelry:0",
        "name": "Gandir's ring",
        "category": "other",
        "displaytype": "quest",
        "hasManualPrice": 1,
        "baseMarketCost": 0
    },
    {
        "id": "dagger_venom",
        "iconID": "items_weapons:17",
        "name": "Venomous Dagger",
        "category": "dagger",
        "displaytype": "extraordinary",
        "baseMarketCost": 15,
        "equipEffect": {
            "increaseAttackCost": 4,
            "increaseAttackChance": 10,
            "increaseCriticalSkill": 5,
            "setCriticalMultiplier": 2,
            "increaseAttackDamage": {
                "min": 1,
                "max": 2
            }
        }
    },
    {
        "id": "key_luthor",
        "iconID": "items_misc:21",
        "name": "Key of Luthor",
        "category": "other",
        "displaytype": "quest",
        "hasManualPrice": 1,
        "baseMarketCost": 0
    },
    {
        "id": "calomyran_secrets",
        "iconID": "items_books:0",
        "name": "Calomyran secrets",
        "category": "other",
        "displaytype": "quest",
        "hasManualPrice": 1,
        "baseMarketCost": 0
    },
    {
        "id": "heartstone",
        "iconID": "items_misc:6",
        "name": "Heartstone",
        "category": "gem",
        "displaytype": "quest",
        "hasManualPrice": 1,
        "baseMarketCost": 0
    },
    {
        "id": "vacor_spell",
        "iconID": "items_books:7",
        "name": "Piece of Vacor's spell",
        "category": "other",
        "displaytype": "quest",
        "hasManualPrice": 1,
        "baseMarketCost": 0
    },
    {
        "id": "ring_unzel",
        "iconID": "items_jewelry:0",
        "name": "Unzel's ring",
        "category": "other",
        "displaytype": "quest",
        "hasManualPrice": 1,
        "baseMarketCost": 0
    },
    {
        "id": "ring_vacor",
        "iconID": "items_jewelry:0",
        "name": "Vacor's ring",
        "category": "other",
        "displaytype": "quest",
        "hasManualPrice": 1,
        "baseMarketCost": 0
    },
    {
        "id": "boots_unzel",
        "iconID": "items_armours:29",
        "name": "Unzel's defensive boots",
        "category": "feet_lthr",
        "displaytype": "extraordinary",
        "baseMarketCost": 185,
        "equipEffect": {
            "increaseBlockChance": 8
        }
    },
    {
        "id": "boots_vacor",
        "iconID": "items_armours:29",
        "name": "Vacor's boots of attack",
        "category": "feet_lthr",
        "displaytype": "extraordinary",
        "baseMarketCost": 185,
        "equipEffect": {
            "increaseAttackChance": 9,
            "increaseBlockChance": 2
        }
    },
    {
        "id": "necklace_flagstone",
        "iconID": "items_jewelry:6",
        "name": "Flagstone Warden's necklace",
        "category": "other",
        "displaytype": "quest",
        "hasManualPrice": 1,
        "baseMarketCost": 0
    },
    {
        "id": "packhide",
        "iconID": "items_armours:15",
        "name": "Wolfpack's animal hide",
        "category": "bdy_hide",
        "displaytype": "extraordinary",
        "hasManualPrice": 1,
        "baseMarketCost": 121,
        "equipEffect": {
            "increaseAttackChance": -15,
            "increaseBlockChance": 2,
            "increaseDamageResistance": 1
        }
    },
    {
        "id": "sword_flagstone",
        "iconID": "items_weapons:7",
        "name": "Flagstone's pride",
        "category": "lsword",
        "displaytype": "extraordinary",
        "baseMarketCost": 169,
        "equipEffect": {
            "increaseAttackCost": 4,
            "increaseAttackChance": 21,
            "increaseCriticalSkill": 10,
            "setCriticalMultiplier": 2,
            "increaseAttackDamage": {
                "min": 1,
                "max": 6
            }
        }
    }
]
