[
    {
        "id": "dagger",
        "name": "Dagger",
        "actionType": "equip",
        "inventorySlot": "weapon",
        "size": "light"
    },
    {
        "id": "ssword",
        "name": "Shortsword",
        "actionType": "equip",
        "inventorySlot": "weapon",
        "size": "light"
    },
    {
        "id": "rapier",
        "name": "Rapier",
        "actionType": "equip",
        "inventorySlot": "weapon",
        "size": "std"
    },
    {
        "id": "lsword",
        "name": "Longsword",
        "actionType": "equip",
        "inventorySlot": "weapon",
        "size": "std"
    },
    {
        "id": "2hsword",
        "name": "Two-handed sword",
        "actionType": "equip",
        "inventorySlot": "weapon",
        "size": "large"
    },
    {
        "id": "bsword",
        "name": "Broadsword",
        "actionType": "equip",
        "inventorySlot": "weapon",
        "size": "std"
    },
    {
        "id": "axe",
        "name": "Axe",
        "actionType": "equip",
        "inventorySlot": "weapon",
        "size": "std"
    },
    {
        "id": "axe2h",
        "name": "Greataxe",
        "actionType": "equip",
        "inventorySlot": "weapon",
        "size": "large"
    },
    {
        "id": "club",
        "name": "Club",
        "actionType": "equip",
        "inventorySlot": "weapon",
        "size": "std"
    },
    {
        "id": "staff",
        "name": "Quarterstaff",
        "actionType": "equip",
        "inventorySlot": "weapon",
        "size": "large"
    },
    {
        "id": "mace",
        "name": "Mace",
        "actionType": "equip",
        "inventorySlot": "weapon",
        "size": "std"
    },
    {
        "id": "scepter",
        "name": "Scepter",
        "actionType": "equip",
        "inventorySlot": "weapon",
        "size": "std"
    },
    {
        "id": "hammer",
        "name": "Warhammer",
        "actionType": "equip",
        "inventorySlot": "weapon",
        "size": "std"
    },
    {
        "id": "hammer2h",
        "name": "Giant hammer",
        "actionType": "equip",
        "inventorySlot": "weapon",
        "size": "large"
    },
    {
        "id": "buckler",
        "name": "Buckler",
        "actionType": "equip",
        "inventorySlot": "shield",
        "size": "light"
    },
    {
        "id": "shld_wd_li",
        "name": "Shield, wood (light)",
        "actionType": "equip",
        "inventorySlot": "shield",
        "size": "std"
    },
    {
        "id": "shld_mtl_li",
        "name": "Shield, metal (light)",
        "actionType": "equip",
        "inventorySlot": "shield",
        "size": "std"
    },
    {
        "id": "shld_wd_hv",
        "name": "Shield, wood (heavy)",
        "actionType": "equip",
        "inventorySlot": "shield",
        "size": "large"
    },
    {
        "id": "shld_mtl_hv",
        "name": "Shield, metal (heavy)",
        "actionType": "equip",
        "inventorySlot": "shield",
        "size": "large"
    },
    {
        "id": "shld_twr",
        "name": "Tower shield",
        "actionType": "equip",
        "inventorySlot": "shield",
        "size": "large"
    },
    {
        "id": "hd_cloth",
        "name": "Headwear, cloth",
        "actionType": "equip",
        "inventorySlot": "head"
    },
    {
        "id": "hd_lthr",
        "name": "Headwear, leather",
        "actionType": "equip",
        "inventorySlot": "head",
        "size": "light"
    },
    {
        "id": "hd_mtl_li",
        "name": "Headwear, metal (light)",
        "actionType": "equip",
        "inventorySlot": "head",
        "size": "std"
    },
    {
        "id": "hd_mtl_hv",
        "name": "Headwear, metal (heavy)",
        "actionType": "equip",
        "inventorySlot": "head",
        "size": "large"
    },
    {
        "id": "bdy_clth",
        "name": "Armor, cloth",
        "actionType": "equip",
        "inventorySlot": "body"
    },
    {
        "id": "bdy_lthr",
        "name": "Armor, leather",
        "actionType": "equip",
        "inventorySlot": "body",
        "size": "light"
    },
    {
        "id": "bdy_hide",
        "name": "Hide armor",
        "actionType": "equip",
        "inventorySlot": "body",
        "size": "light"
    },
    {
        "id": "bdy_lt",
        "name": "Armor (light)",
        "actionType": "equip",
        "inventorySlot": "body",
        "size": "std"
    },
    {
        "id": "bdy_hv",
        "name": "Armor (heavy)",
        "actionType": "equip",
        "inventorySlot": "body",
        "size": "large"
    },
    {
        "id": "chmail",
        "name": "Chain mail",
        "actionType": "equip",
        "inventorySlot": "body",
        "size": "large"
    },
    {
        "id": "spmail",
        "name": "Splint mail",
        "actionType": "equip",
        "inventorySlot": "body",
        "size": "large"
    },
    {
        "id": "plmail",
        "name": "Plate mail",
        "actionType": "equip",
        "inventorySlot": "body",
        "size": "large"
    },
    {
        "id": "hnd_cloth",
        "name": "Gloves, cloth",
        "actionType": "equip",
        "inventorySlot": "hand"
    },
    {
        "id": "hnd_lthr",
        "name": "Gloves, leather",
        "actionType": "equip",
        "inventorySlot": "hand",
        "size": "light"
    },
    {
        "id": "hnd_mtl_li",
        "name": "Gloves, metal (light)",
        "actionType": "equip",
        "inventorySlot": "hand",
        "size": "std"
    },
    {
        "id": "hnd_mtl_hv",
        "name": "Gloves, metal (heavy)",
        "actionType": "equip",
        "inventorySlot": "hand",
        "size": "large"
    },
    {
        "id": "feet_clth",
        "name": "Footwear, cloth",
        "actionType": "equip",
        "inventorySlot": "feet"
    },
    {
        "id": "feet_lthr",
        "name": "Footwear, leather",
        "actionType": "equip",
        "inventorySlot": "feet",
        "size": "light"
    },
    {
        "id": "feet_mtl_li",
        "name": "Footwear, metal (light)",
        "actionType": "equip",
        "inventorySlot": "feet",
        "size": "std"
    },
    {
        "id": "feet_mtl_hv",
        "name": "Footwear, metal (heavy)",
        "actionType": "equip",
        "inventorySlot": "feet",
        "size": "large"
    },
    {
        "id": "neck",
        "name": "Necklace",
        "actionType": "equip",
        "inventorySlot": "neck"
    },
    {
        "id": "ring",
        "name": "Ring",
        "actionType": "equip",
        "inventorySlot": "leftring"
    },
    {
        "id": "pot",
        "name": "Potion",
        "actionType": "use"
    },
    {
        "id": "food",
        "name": "Food",
        "actionType": "use"
    },
    {
        "id": "drink",
        "name": "Drink",
        "actionType": "use"
    },
    {
        "id": "gem",
        "name": "Gem"
    },
    {
        "id": "animal",
        "name": "Animal part"
    },
    {
        "id": "animal_e",
        "name": "Edible animal part",
        "actionType": "use"
    },
    {
        "id": "flask",
        "name": "Liquid container"
    },
    {
        "id": "money",
        "name": "Money"
    },
    {
        "id": "other",
        "name": "Other"
    }
]
