[
    {
        "id": "lyson_marrow",
        "iconID": "items_consumables:63",
        "name": "Vial of Lyson marrow extract",
        "category": "other",
        "displaytype": "quest",
        "hasManualPrice": 1,
        "baseMarketCost": 0
    },
    {
        "id": "algangror_idol",
        "iconID": "items_misc_2:220",
        "name": "Small idol",
        "category": "other",
        "displaytype": "quest",
        "hasManualPrice": 1,
        "baseMarketCost": 0
    },
    {
        "id": "algangror_ring",
        "iconID": "items_rings_1:11",
        "name": "Algangror's ring",
        "category": "other",
        "displaytype": "quest",
        "hasManualPrice": 1,
        "baseMarketCost": 0
    },
    {
        "id": "kaverin_message",
        "iconID": "items_books:7",
        "name": "Kaverin's sealed message",
        "category": "other",
        "displaytype": "quest",
        "hasManualPrice": 1,
        "baseMarketCost": 0
    },
    {
        "id": "vacor_map",
        "iconID": "items_books:9",
        "name": "Map to Vacor's old hideout",
        "category": "other",
        "displaytype": "quest",
        "hasManualPrice": 1,
        "baseMarketCost": 0
    }
]
