[
    {
        "id": "dagger_shadow_priests",
        "iconID": "items_weapons:17",
        "name": "Dagger of the Shadow priests",
        "category": "dagger",
        "displaytype": "extraordinary",
        "hasManualPrice": 1,
        "baseMarketCost": 15,
        "equipEffect": {
            "increaseAttackCost": 4,
            "increaseAttackChance": 20,
            "increaseCriticalSkill": 20,
            "setCriticalMultiplier": 3,
            "increaseAttackDamage": {
                "min": 1,
                "max": 2
            }
        }
    },
    {
        "id": "sword_hard_iron",
        "iconID": "items_weapons:0",
        "name": "Hardened iron sword",
        "category": "lsword",
        "hasManualPrice": 0,
        "baseMarketCost": 369,
        "equipEffect": {
            "increaseAttackCost": 5,
            "increaseAttackChance": 15,
            "increaseAttackDamage": {
                "min": 2,
                "max": 4
            }
        }
    },
    {
        "id": "club_fine_wooden",
        "iconID": "items_weapons:42",
        "name": "Fine wooden club",
        "category": "club",
        "hasManualPrice": 0,
        "baseMarketCost": 245,
        "equipEffect": {
            "increaseAttackCost": 5,
            "increaseAttackChance": 12,
            "increaseAttackDamage": {
                "min": 0,
                "max": 7
            }
        }
    },
    {
        "id": "axe_fine_iron",
        "iconID": "items_weapons:56",
        "name": "Fine iron axe",
        "category": "axe",
        "hasManualPrice": 0,
        "baseMarketCost": 365,
        "equipEffect": {
            "increaseAttackCost": 6,
            "increaseAttackChance": 9,
            "increaseAttackDamage": {
                "min": 4,
                "max": 6
            }
        }
    },
    {
        "id": "longsword_hard_iron",
        "iconID": "items_weapons:1",
        "name": "Hardened iron longsword",
        "category": "lsword",
        "hasManualPrice": 0,
        "baseMarketCost": 362,
        "equipEffect": {
            "increaseAttackCost": 5,
            "increaseAttackChance": 14,
            "increaseAttackDamage": {
                "min": 2,
                "max": 6
            }
        }
    },
    {
        "id": "broadsword_fine_iron",
        "iconID": "items_weapons:5",
        "name": "Fine iron broadsword",
        "category": "bsword",
        "hasManualPrice": 0,
        "baseMarketCost": 422,
        "equipEffect": {
            "increaseAttackCost": 7,
            "increaseAttackChance": 5,
            "increaseAttackDamage": {
                "min": 4,
                "max": 10
            }
        }
    },
    {
        "id": "dagger_sharp_steel",
        "iconID": "items_weapons:14",
        "name": "Sharp steel dagger",
        "category": "dagger",
        "hasManualPrice": 0,
        "baseMarketCost": 1428,
        "equipEffect": {
            "increaseAttackCost": 4,
            "increaseAttackChance": 24,
            "increaseAttackDamage": {
                "min": 2,
                "max": 4
            }
        }
    },
    {
        "id": "sword_balanced_steel",
        "iconID": "items_weapons:7",
        "name": "Balanced steel sword",
        "category": "lsword",
        "hasManualPrice": 0,
        "baseMarketCost": 2797,
        "equipEffect": {
            "increaseAttackCost": 4,
            "increaseAttackChance": 32,
            "increaseAttackDamage": {
                "min": 3,
                "max": 7
            }
        }
    },
    {
        "id": "broadsword_fine_steel",
        "iconID": "items_weapons:6",
        "name": "Fine steel broadsword",
        "category": "bsword",
        "hasManualPrice": 0,
        "baseMarketCost": 1206,
        "equipEffect": {
            "increaseAttackCost": 6,
            "increaseAttackChance": 20,
            "increaseAttackDamage": {
                "min": 4,
                "max": 11
            }
        }
    },
    {
        "id": "sword_defenders",
        "iconID": "items_weapons:2",
        "name": "Defender's blade",
        "category": "lsword",
        "hasManualPrice": 0,
        "baseMarketCost": 1711,
        "equipEffect": {
            "increaseAttackCost": 5,
            "increaseAttackChance": 26,
            "increaseAttackDamage": {
                "min": 3,
                "max": 7
            },
            "increaseBlockChance": 3
        }
    },
    {
        "id": "sword_villains",
        "iconID": "items_weapons:16",
        "name": "Villain's blade",
        "category": "ssword",
        "hasManualPrice": 0,
        "baseMarketCost": 1665,
        "equipEffect": {
            "increaseAttackCost": 4,
            "increaseAttackChance": 20,
            "increaseCriticalSkill": 5,
            "setCriticalMultiplier": 3,
            "increaseAttackDamage": {
                "min": 1,
                "max": 2
            }
        }
    },
    {
        "id": "sword_challengers",
        "iconID": "items_weapons:1",
        "name": "Challenger's iron sword",
        "category": "lsword",
        "hasManualPrice": 0,
        "baseMarketCost": 785,
        "equipEffect": {
            "increaseAttackCost": 5,
            "increaseAttackChance": 20,
            "increaseAttackDamage": {
                "min": 2,
                "max": 6
            }
        }
    },
    {
        "id": "sword_fencing",
        "iconID": "items_weapons:13",
        "name": "Fencing blade",
        "category": "rapier",
        "hasManualPrice": 0,
        "baseMarketCost": 922,
        "equipEffect": {
            "increaseAttackCost": 4,
            "increaseAttackChance": 14,
            "increaseAttackDamage": {
                "min": 2,
                "max": 5
            },
            "increaseBlockChance": 5
        }
    },
    {
        "id": "club_brutal",
        "iconID": "items_weapons:44",
        "name": "Brutal club",
        "category": "mace",
        "hasManualPrice": 0,
        "baseMarketCost": 2522,
        "equipEffect": {
            "increaseAttackCost": 7,
            "increaseAttackChance": 20,
            "increaseCriticalSkill": 5,
            "setCriticalMultiplier": 3,
            "increaseAttackDamage": {
                "min": 2,
                "max": 21
            }
        }
    },
    {
        "id": "axe_gutsplitter",
        "iconID": "items_weapons:58",
        "name": "Gutsplitter",
        "category": "axe2h",
        "hasManualPrice": 0,
        "baseMarketCost": 2733,
        "equipEffect": {
            "increaseAttackCost": 6,
            "increaseAttackChance": 21,
            "increaseAttackDamage": {
                "min": 7,
                "max": 17
            }
        }
    },
    {
        "id": "hammer_skullcrusher",
        "iconID": "items_weapons:45",
        "name": "Skullcrusher",
        "category": "hammer2h",
        "hasManualPrice": 0,
        "baseMarketCost": 3142,
        "equipEffect": {
            "increaseAttackCost": 7,
            "increaseAttackChance": 20,
            "increaseCriticalSkill": 5,
            "setCriticalMultiplier": 3,
            "increaseAttackDamage": {
                "min": 0,
                "max": 26
            }
        }
    },
    {
        "id": "shield_crude_wooden",
        "iconID": "items_armours:0",
        "name": "Crude wooden buckler",
        "category": "buckler",
        "hasManualPrice": 0,
        "baseMarketCost": 31,
        "equipEffect": {
            "increaseBlockChance": 1
        }
    },
    {
        "id": "shield_cracked_wooden",
        "iconID": "items_armours:0",
        "name": "Cracked wooden buckler",
        "category": "buckler",
        "hasManualPrice": 0,
        "baseMarketCost": 34,
        "equipEffect": {
            "increaseAttackChance": -2,
            "increaseBlockChance": 2
        }
    },
    {
        "id": "shield_wooden_buckler",
        "iconID": "items_armours:0",
        "name": "Second-hand wooden buckler",
        "category": "buckler",
        "hasManualPrice": 0,
        "baseMarketCost": 92,
        "equipEffect": {
            "increaseAttackChance": -2,
            "increaseBlockChance": 3
        }
    },
    {
        "id": "shield_wooden",
        "iconID": "items_armours:2",
        "name": "Wooden shield",
        "category": "shld_wd_li",
        "hasManualPrice": 0,
        "baseMarketCost": 514,
        "equipEffect": {
            "increaseAttackChance": -4,
            "increaseBlockChance": 8
        }
    },
    {
        "id": "shield_wooden_defender",
        "iconID": "items_armours:2",
        "name": "Wooden defender",
        "category": "shld_wd_li",
        "hasManualPrice": 0,
        "baseMarketCost": 1996,
        "equipEffect": {
            "increaseAttackChance": -8,
            "increaseCriticalSkill": -5,
            "increaseBlockChance": 14,
            "increaseDamageResistance": 1
        }
    },
    {
        "id": "hat_hard_leather",
        "iconID": "items_armours:24",
        "name": "Hardened leather cap",
        "category": "hd_lthr",
        "hasManualPrice": 0,
        "baseMarketCost": 648,
        "equipEffect": {
            "increaseAttackChance": -3,
            "increaseCriticalSkill": -1,
            "increaseBlockChance": 8
        }
    },
    {
        "id": "hat_fine_leather",
        "iconID": "items_armours:24",
        "name": "Fine leather cap",
        "category": "hd_lthr",
        "hasManualPrice": 0,
        "baseMarketCost": 846,
        "equipEffect": {
            "increaseAttackChance": -3,
            "increaseCriticalSkill": -2,
            "increaseBlockChance": 9
        }
    },
    {
        "id": "hat_leather_vision",
        "iconID": "items_armours:24",
        "name": "Leather cap of reduced vision",
        "category": "hd_lthr",
        "hasManualPrice": 0,
        "baseMarketCost": 971,
        "equipEffect": {
            "increaseAttackChance": -3,
            "increaseCriticalSkill": -4,
            "increaseBlockChance": 10
        }
    },
    {
        "id": "helm_crude_iron",
        "iconID": "items_armours:25",
        "name": "Crude iron helmet",
        "category": "hd_mtl_hv",
        "hasManualPrice": 0,
        "baseMarketCost": 1120,
        "equipEffect": {
            "increaseAttackChance": -3,
            "increaseCriticalSkill": -5,
            "increaseBlockChance": 11
        }
    },
    {
        "id": "shirt_torn",
        "iconID": "items_armours:14",
        "name": "Torn shirt",
        "category": "bdy_clth",
        "hasManualPrice": 0,
        "baseMarketCost": 92,
        "equipEffect": {
            "increaseAttackChance": -2,
            "increaseBlockChance": 3
        }
    },
    {
        "id": "shirt_weathered",
        "iconID": "items_armours:14",
        "name": "Weathered shirt",
        "category": "bdy_clth",
        "hasManualPrice": 0,
        "baseMarketCost": 125,
        "equipEffect": {
            "increaseAttackChance": -1,
            "increaseBlockChance": 3
        }
    },
    {
        "id": "shirt_patched_cloth",
        "iconID": "items_armours:14",
        "name": "Patched cloth shirt",
        "category": "bdy_clth",
        "hasManualPrice": 0,
        "baseMarketCost": 208,
        "equipEffect": {
            "increaseBlockChance": 4
        }
    },
    {
        "id": "armour_crude_leather",
        "iconID": "items_armours:16",
        "name": "Crude leather armour",
        "category": "bdy_lthr",
        "hasManualPrice": 0,
        "baseMarketCost": 514,
        "equipEffect": {
            "increaseAttackChance": -4,
            "increaseBlockChance": 8
        }
    },
    {
        "id": "armour_firm_leather",
        "iconID": "items_armours:16",
        "name": "Firm leather armour",
        "category": "bdy_lthr",
        "hasManualPrice": 0,
        "baseMarketCost": 417,
        "equipEffect": {
            "increaseMoveCost": 1,
            "increaseBlockChance": 8
        }
    },
    {
        "id": "armour_rigid_leather",
        "iconID": "items_armours:16",
        "name": "Rigid leather armour",
        "category": "bdy_lthr",
        "hasManualPrice": 0,
        "baseMarketCost": 625,
        "equipEffect": {
            "increaseMoveCost": 1,
            "increaseAttackChance": -1,
            "increaseBlockChance": 9
        }
    },
    {
        "id": "armour_rigid_chain",
        "iconID": "items_armours:17",
        "name": "Rigid chain mail",
        "category": "chmail",
        "hasManualPrice": 0,
        "baseMarketCost": 4667,
        "equipEffect": {
            "increaseAttackCost": 1,
            "increaseAttackChance": -5,
            "increaseBlockChance": 23
        }
    },
    {
        "id": "armour_superior_chain",
        "iconID": "items_armours:17",
        "name": "Superior chain mail",
        "category": "chmail",
        "hasManualPrice": 0,
        "baseMarketCost": 5992,
        "equipEffect": {
            "increaseAttackChance": -9,
            "increaseBlockChance": 23
        }
    },
    {
        "id": "armour_chain_champ",
        "iconID": "items_armours:17",
        "name": "Champion's chain mail",
        "category": "chmail",
        "hasManualPrice": 0,
        "baseMarketCost": 6808,
        "equipEffect": {
            "increaseMaxHP": 2,
            "increaseAttackChance": -9,
            "increaseCriticalSkill": -5,
            "increaseBlockChance": 24
        }
    },
    {
        "id": "armour_leather_villain",
        "iconID": "items_armours:16",
        "name": "Villain's leather armour",
        "category": "bdy_lthr",
        "hasManualPrice": 0,
        "baseMarketCost": 3700,
        "equipEffect": {
            "increaseMoveCost": -1,
            "increaseAttackChance": -4,
            "increaseCriticalSkill": 3,
            "increaseBlockChance": 15
        }
    },
    {
        "id": "armour_misfortune",
        "iconID": "items_armours:15",
        "name": "Leather shirt of misfortune",
        "category": "bdy_lthr",
        "hasManualPrice": 0,
        "baseMarketCost": 2459,
        "equipEffect": {
            "increaseAttackChance": -5,
            "increaseAttackDamage": {
                "min": -1,
                "max": -1
            },
            "increaseBlockChance": 15
        }
    },
    {
        "id": "gloves_barbrawler",
        "iconID": "items_armours:35",
        "name": "Bar brawler's gloves",
        "category": "hnd_lthr",
        "hasManualPrice": 0,
        "baseMarketCost": 95,
        "equipEffect": {
            "increaseAttackChance": 5,
            "increaseBlockChance": 2
        }
    },
    {
        "id": "gloves_fumbling",
        "iconID": "items_armours:35",
        "name": "Gloves of fumbling",
        "category": "hnd_lthr",
        "hasManualPrice": 0,
        "baseMarketCost": -432,
        "equipEffect": {
            "increaseAttackChance": -5,
            "increaseBlockChance": 1
        }
    },
    {
        "id": "gloves_crude_cloth",
        "iconID": "items_armours:35",
        "name": "Crude cloth gloves",
        "category": "hnd_cloth",
        "hasManualPrice": 0,
        "baseMarketCost": 31,
        "equipEffect": {
            "increaseBlockChance": 1
        }
    },
    {
        "id": "gloves_crude_leather",
        "iconID": "items_armours:35",
        "name": "Crude leather gloves",
        "category": "hnd_lthr",
        "hasManualPrice": 0,
        "baseMarketCost": 180,
        "equipEffect": {
            "increaseAttackChance": -4,
            "increaseBlockChance": 6
        }
    },
    {
        "id": "gloves_troublemaker",
        "iconID": "items_armours:36",
        "name": "Troublemaker's gloves",
        "description": "In Lower Fallhaven there is honor among thieves. Everyone else is a mark.",
        "category": "hnd_lthr",
        "hasManualPrice": 0,
        "baseMarketCost": 501,
        "equipEffect": {
            "increaseMaxHP": 1,
            "increaseAttackChance": 7,
            "increaseCriticalSkill": 4,
            "increaseBlockChance": 4
        }
    },
    {
        "id": "gloves_guards",
        "iconID": "items_armours:37",
        "name": "Guard's gloves",
        "category": "hnd_mtl_li",
        "hasManualPrice": 0,
        "baseMarketCost": 636,
        "equipEffect": {
            "increaseMaxHP": 3,
            "increaseAttackChance": 3,
            "increaseBlockChance": 5
        }
    },
    {
        "id": "gloves_leather_attack",
        "iconID": "items_armours:35",
        "name": "Leather gloves of attack",
        "category": "hnd_lthr",
        "hasManualPrice": 0,
        "baseMarketCost": 510,
        "equipEffect": {
            "increaseMaxHP": 3,
            "increaseAttackChance": 13,
            "increaseBlockChance": -2
        }
    },
    {
        "id": "gloves_woodcutter",
        "iconID": "items_armours:35",
        "name": "Woodcutter's gloves",
        "category": "hnd_lthr",
        "hasManualPrice": 0,
        "baseMarketCost": 426,
        "equipEffect": {
            "increaseMaxHP": 3,
            "increaseAttackChance": 8,
            "increaseBlockChance": 1
        }
    },
    {
        "id": "boots_crude_leather",
        "iconID": "items_armours:28",
        "name": "Crude leather boots",
        "category": "feet_lthr",
        "hasManualPrice": 0,
        "baseMarketCost": 31,
        "equipEffect": {
            "increaseBlockChance": 1
        }
    },
    {
        "id": "boots_sewn",
        "iconID": "items_armours:28",
        "name": "Sewn footwear",
        "category": "feet_clth",
        "hasManualPrice": 0,
        "baseMarketCost": 73,
        "equipEffect": {
            "increaseBlockChance": 2
        }
    },
    {
        "id": "boots_coward",
        "iconID": "items_armours:28",
        "name": "Coward's boots",
        "category": "feet_lthr",
        "hasManualPrice": 0,
        "baseMarketCost": 933,
        "equipEffect": {
            "increaseMoveCost": -1,
            "increaseBlockChance": 2
        }
    },
    {
        "id": "boots_hard_leather",
        "iconID": "items_armours:30",
        "name": "Hardened leather boots",
        "category": "feet_lthr",
        "hasManualPrice": 0,
        "baseMarketCost": 626,
        "equipEffect": {
            "increaseMoveCost": 1,
            "increaseAttackChance": -4,
            "increaseBlockChance": 10
        }
    },
    {
        "id": "boots_defender",
        "iconID": "items_armours:30",
        "name": "Defender's boots",
        "category": "feet_mtl_li",
        "hasManualPrice": 0,
        "baseMarketCost": 1190,
        "equipEffect": {
            "increaseMaxHP": 2,
            "increaseBlockChance": 9
        }
    },
    {
        "id": "necklace_shield_0",
        "iconID": "items_jewelry:7",
        "name": "Lesser shielding necklace",
        "category": "neck",
        "hasManualPrice": 0,
        "baseMarketCost": 131,
        "equipEffect": {
            "increaseBlockChance": 3
        }
    },
    {
        "id": "necklace_strike",
        "iconID": "items_jewelry:6",
        "name": "Necklace of strike",
        "category": "neck",
        "hasManualPrice": 0,
        "baseMarketCost": 832,
        "equipEffect": {
            "increaseMaxHP": 5,
            "increaseCriticalSkill": 5
        }
    },
    {
        "id": "necklace_defender_stone",
        "iconID": "items_jewelry:7",
        "name": "Defender's stone",
        "category": "neck",
        "displaytype": "rare",
        "hasManualPrice": 0,
        "baseMarketCost": 1325,
        "equipEffect": {
            "increaseDamageResistance": 1
        }
    },
    {
        "id": "necklace_protector",
        "iconID": "items_jewelry:7",
        "name": "Necklace of the protector",
        "category": "neck",
        "displaytype": "rare",
        "hasManualPrice": 0,
        "baseMarketCost": 3207,
        "equipEffect": {
            "increaseMaxHP": 5,
            "increaseDamageResistance": 2
        }
    },
    {
        "id": "ring_crude_combat",
        "iconID": "items_jewelry:0",
        "name": "Crude combat ring",
        "category": "ring",
        "hasManualPrice": 0,
        "baseMarketCost": 44,
        "equipEffect": {
            "increaseAttackChance": 5,
            "increaseAttackDamage": {
                "min": 0,
                "max": 1
            }
        }
    },
    {
        "id": "ring_crude_surehit",
        "iconID": "items_jewelry:0",
        "name": "Crude ring of surehit",
        "category": "ring",
        "hasManualPrice": 0,
        "baseMarketCost": 52,
        "equipEffect": {
            "increaseAttackChance": 7
        }
    },
    {
        "id": "ring_crude_block",
        "iconID": "items_jewelry:0",
        "name": "Crude ring of block",
        "category": "ring",
        "hasManualPrice": 0,
        "baseMarketCost": 73,
        "equipEffect": {
            "increaseBlockChance": 2
        }
    },
    {
        "id": "ring_rough_life",
        "iconID": "items_jewelry:0",
        "name": "Rough ring of life force",
        "category": "ring",
        "hasManualPrice": 0,
        "baseMarketCost": 100,
        "equipEffect": {
            "increaseMaxHP": 1
        }
    },
    {
        "id": "ring_fumbling",
        "iconID": "items_jewelry:0",
        "name": "Ring of fumbling",
        "category": "ring",
        "hasManualPrice": 0,
        "baseMarketCost": -463,
        "equipEffect": {
            "increaseAttackChance": -5
        }
    },
    {
        "id": "ring_rough_damage",
        "iconID": "items_jewelry:0",
        "name": "Rough ring of damage",
        "category": "ring",
        "hasManualPrice": 0,
        "baseMarketCost": 56,
        "equipEffect": {
            "increaseAttackDamage": {
                "min": 0,
                "max": 2
            }
        }
    },
    {
        "id": "ring_barbrawler",
        "iconID": "items_jewelry:0",
        "name": "Bar brawler's ring",
        "category": "ring",
        "hasManualPrice": 0,
        "baseMarketCost": 222,
        "equipEffect": {
            "increaseAttackChance": 12,
            "increaseAttackDamage": {
                "min": 0,
                "max": 1
            }
        }
    },
    {
        "id": "ring_dmg_3",
        "iconID": "items_jewelry:0",
        "name": "Ring of damage +3",
        "category": "ring",
        "hasManualPrice": 0,
        "baseMarketCost": 624,
        "equipEffect": {
            "increaseAttackDamage": {
                "min": 3,
                "max": 3
            }
        }
    },
    {
        "id": "ring_life",
        "iconID": "items_jewelry:0",
        "name": "Ring of life force",
        "category": "ring",
        "hasManualPrice": 0,
        "baseMarketCost": 557,
        "equipEffect": {
            "increaseMaxHP": 5
        }
    },
    {
        "id": "ring_taverbrawler",
        "iconID": "items_jewelry:0",
        "name": "Tavern brawler's ring",
        "category": "ring",
        "hasManualPrice": 0,
        "baseMarketCost": 314,
        "equipEffect": {
            "increaseAttackChance": 12,
            "increaseAttackDamage": {
                "min": 0,
                "max": 3
            }
        }
    },
    {
        "id": "ring_defender",
        "iconID": "items_jewelry:0",
        "name": "Defender's ring",
        "category": "ring",
        "hasManualPrice": 0,
        "baseMarketCost": 755,
        "equipEffect": {
            "increaseAttackChance": -6,
            "increaseBlockChance": 11
        }
    },
    {
        "id": "ring_challenger",
        "iconID": "items_jewelry:0",
        "name": "Challenger's ring",
        "category": "ring",
        "hasManualPrice": 0,
        "baseMarketCost": 408,
        "equipEffect": {
            "increaseAttackChance": 12,
            "increaseBlockChance": 4
        }
    },
    {
        "id": "ring_dmg_4",
        "iconID": "items_jewelry:2",
        "name": "Ring of damage +4",
        "category": "ring",
        "hasManualPrice": 0,
        "baseMarketCost": 1168,
        "equipEffect": {
            "increaseAttackDamage": {
                "min": 4,
                "max": 4
            }
        }
    },
    {
        "id": "ring_troublemaker",
        "iconID": "items_jewelry:2",
        "name": "Troublemaker's ring",
        "category": "ring",
        "hasManualPrice": 0,
        "baseMarketCost": 797,
        "equipEffect": {
            "increaseAttackChance": 15,
            "increaseAttackDamage": {
                "min": 2,
                "max": 4
            }
        }
    },
    {
        "id": "ring_guardian",
        "iconID": "items_jewelry:2",
        "name": "Ring of the guardian",
        "category": "ring",
        "displaytype": "rare",
        "hasManualPrice": 0,
        "baseMarketCost": 1489,
        "equipEffect": {
            "increaseAttackChance": 19,
            "increaseAttackDamage": {
                "min": 3,
                "max": 5
            }
        }
    },
    {
        "id": "ring_block",
        "iconID": "items_jewelry:2",
        "name": "Ring of block",
        "category": "ring",
        "displaytype": "rare",
        "hasManualPrice": 0,
        "baseMarketCost": 2192,
        "equipEffect": {
            "increaseBlockChance": 13
        }
    },
    {
        "id": "ring_backstab",
        "iconID": "items_jewelry:2",
        "name": "Ring of backstabbing",
        "category": "ring",
        "hasManualPrice": 0,
        "baseMarketCost": 1363,
        "equipEffect": {
            "increaseAttackChance": 17,
            "increaseCriticalSkill": 7,
            "increaseBlockChance": 3
        }
    },
    {
        "id": "ring_polished_combat",
        "iconID": "items_jewelry:2",
        "name": "Polished combat ring",
        "category": "ring",
        "displaytype": "rare",
        "hasManualPrice": 0,
        "baseMarketCost": 1346,
        "equipEffect": {
            "increaseMaxHP": 5,
            "increaseAttackChance": 15,
            "increaseAttackDamage": {
                "min": 1,
                "max": 5
            }
        }
    },
    {
        "id": "ring_villain",
        "iconID": "items_jewelry:2",
        "name": "Villain's ring",
        "category": "ring",
        "displaytype": "rare",
        "hasManualPrice": 0,
        "baseMarketCost": 2750,
        "equipEffect": {
            "increaseMaxHP": 4,
            "increaseAttackChance": 25,
            "increaseAttackDamage": {
                "min": 3,
                "max": 6
            }
        }
    },
    {
        "id": "ring_polished_backstab",
        "iconID": "items_jewelry:2",
        "name": "Polished ring of backstabbing",
        "category": "ring",
        "displaytype": "rare",
        "hasManualPrice": 0,
        "baseMarketCost": 2731,
        "equipEffect": {
            "increaseAttackChance": 21,
            "increaseCriticalSkill": 7,
            "increaseAttackDamage": {
                "min": 4,
                "max": 4
            }
        }
    },
    {
        "id": "ring_protector",
        "iconID": "items_jewelry:4",
        "name": "Ring of the protector",
        "category": "ring",
        "displaytype": "rare",
        "hasManualPrice": 0,
        "baseMarketCost": 3744,
        "equipEffect": {
            "increaseMaxHP": 3,
            "increaseAttackChance": 20,
            "increaseAttackDamage": {
                "min": 0,
                "max": 3
            },
            "increaseBlockChance": 14
        }
    }
]
