[
    {
        "id": "shirt1",
        "iconID": "items_armours:14",
        "name": "Cloth shirt",
        "category": "bdy_clth",
        "baseMarketCost": 16,
        "equipEffect": {
            "increaseBlockChance": 2
        }
    },
    {
        "id": "shirt2",
        "iconID": "items_armours:14",
        "name": "Fine shirt",
        "category": "bdy_clth",
        "baseMarketCost": 72,
        "equipEffect": {
            "increaseBlockChance": 5
        }
    },
    {
        "id": "shirt_dmgresist",
        "iconID": "items_armours:15",
        "name": "Hardened leather shirt",
        "category": "bdy_lthr",
        "displaytype": "rare",
        "baseMarketCost": 1633,
        "equipEffect": {
            "increaseBlockChance": 5,
            "increaseDamageResistance": 1
        }
    },
    {
        "id": "armor1",
        "iconID": "items_armours:15",
        "name": "Leather armour",
        "category": "bdy_lthr",
        "baseMarketCost": 464,
        "equipEffect": {
            "increaseBlockChance": 8
        }
    },
    {
        "id": "armor2",
        "iconID": "items_armours:15",
        "name": "Superior leather armour",
        "category": "bdy_lthr",
        "baseMarketCost": 624,
        "equipEffect": {
            "increaseBlockChance": 9
        }
    },
    {
        "id": "armor3",
        "iconID": "items_armours:16",
        "name": "Hard leather armour",
        "category": "bdy_lthr",
        "baseMarketCost": 2407,
        "equipEffect": {
            "increaseBlockChance": 13
        }
    },
    {
        "id": "armor4",
        "iconID": "items_armours:16",
        "name": "Superior hard leather armour",
        "category": "bdy_lthr",
        "baseMarketCost": 3866,
        "equipEffect": {
            "increaseBlockChance": 15
        }
    },
    {
        "id": "hat1",
        "iconID": "items_armours:21",
        "name": "Green hat",
        "category": "hd_cloth",
        "baseMarketCost": 13,
        "equipEffect": {
            "increaseBlockChance": 1
        }
    },
    {
        "id": "hat2",
        "iconID": "items_armours:21",
        "name": "Fine green hat",
        "category": "hd_cloth",
        "baseMarketCost": 25,
        "equipEffect": {
            "increaseBlockChance": 2
        }
    },
    {
        "id": "hat3",
        "iconID": "items_armours:24",
        "name": "Crude leather cap",
        "category": "hd_lthr",
        "baseMarketCost": 72,
        "equipEffect": {
            "increaseBlockChance": 5
        }
    },
    {
        "id": "hat4",
        "iconID": "items_armours:24",
        "name": "Leather cap",
        "category": "hd_lthr",
        "baseMarketCost": 146,
        "equipEffect": {
            "increaseBlockChance": 6
        }
    },
    {
        "id": "gloves1",
        "iconID": "items_armours:35",
        "name": "Leather gloves",
        "category": "hnd_lthr",
        "baseMarketCost": 23,
        "equipEffect": {
            "increaseBlockChance": 3
        }
    },
    {
        "id": "gloves2",
        "iconID": "items_armours:35",
        "name": "Fine leather gloves",
        "category": "hnd_lthr",
        "baseMarketCost": 38,
        "equipEffect": {
            "increaseBlockChance": 4
        }
    },
    {
        "id": "gloves3",
        "iconID": "items_armours:36",
        "name": "Snakeskin gloves",
        "category": "hnd_cloth",
        "baseMarketCost": 72,
        "equipEffect": {
            "increaseBlockChance": 5
        }
    },
    {
        "id": "gloves4",
        "iconID": "items_armours:36",
        "name": "Fine snakeskin gloves",
        "category": "hnd_cloth",
        "baseMarketCost": 146,
        "equipEffect": {
            "increaseBlockChance": 6
        }
    },
    {
        "id": "shield1",
        "iconID": "items_armours:0",
        "name": "Wooden buckler",
        "category": "buckler",
        "baseMarketCost": 72,
        "equipEffect": {
            "increaseAttackChance": -2,
            "increaseBlockChance": 5
        }
    },
    {
        "id": "shield3",
        "iconID": "items_armours:1",
        "name": "Reinforced wooden buckler",
        "category": "buckler",
        "baseMarketCost": 226,
        "equipEffect": {
            "increaseAttackChance": -5,
            "increaseBlockChance": 7
        }
    },
    {
        "id": "shield4",
        "iconID": "items_armours:2",
        "name": "Crude wooden shield",
        "category": "shld_wd_li",
        "baseMarketCost": 464,
        "equipEffect": {
            "increaseAttackChance": -5,
            "increaseBlockChance": 8
        }
    },
    {
        "id": "shield5",
        "iconID": "items_armours:2",
        "name": "Superior wooden shield",
        "category": "shld_wd_li",
        "baseMarketCost": 624,
        "equipEffect": {
            "increaseAttackChance": -4,
            "increaseBlockChance": 9
        }
    },
    {
        "id": "boots1",
        "iconID": "items_armours:28",
        "name": "Leather boots",
        "category": "feet_lthr",
        "baseMarketCost": 23,
        "equipEffect": {
            "increaseBlockChance": 3
        }
    },
    {
        "id": "boots2",
        "iconID": "items_armours:28",
        "name": "Superior leather boots",
        "category": "feet_lthr",
        "baseMarketCost": 38,
        "equipEffect": {
            "increaseBlockChance": 4
        }
    },
    {
        "id": "boots3",
        "iconID": "items_armours:29",
        "name": "Snakeskin boots",
        "category": "feet_lthr",
        "baseMarketCost": 146,
        "equipEffect": {
            "increaseBlockChance": 6
        }
    },
    {
        "id": "boots5",
        "iconID": "items_armours:30",
        "name": "Reinforced boots",
        "category": "feet_mtl_hv",
        "baseMarketCost": 226,
        "equipEffect": {
            "increaseBlockChance": 7
        }
    },
    {
        "id": "gloves_attack1",
        "iconID": "items_armours:35",
        "name": "Gloves of swift attack",
        "category": "hnd_lthr",
        "baseMarketCost": 150,
        "equipEffect": {
            "increaseAttackChance": 15,
            "increaseBlockChance": -9
        }
    },
    {
        "id": "gloves_attack2",
        "iconID": "items_armours:35",
        "name": "Fine gloves of swift attack",
        "category": "hnd_lthr",
        "baseMarketCost": 221,
        "equipEffect": {
            "increaseAttackChance": 17,
            "increaseBlockChance": -9
        }
    }
]
