[
    {
        "id": "lostsheep1",
        "iconID": "monsters_karvis2:8",
        "name": "Sheep",
        "spawnGroup": "tinlyn_lostsheep1",
        "monsterClass": "animal",
        "unique": 1,
        "maxHP": 5,
        "maxAP": 10,
        "moveCost": 5,
        "attackCost": 5,
        "attackChance": 10,
        "blockChance": 5,
        "droplistID": "tinlyn_sheep",
        "phraseID": "tinlyn_lostsheep1",
        "attackDamage": {
            "min": 0,
            "max": 1
        }
    },
    {
        "id": "lostsheep2",
        "iconID": "monsters_karvis2:8",
        "name": "Sheep",
        "spawnGroup": "tinlyn_lostsheep2",
        "monsterClass": "animal",
        "unique": 1,
        "maxHP": 5,
        "maxAP": 10,
        "moveCost": 5,
        "attackCost": 5,
        "attackChance": 10,
        "blockChance": 5,
        "droplistID": "tinlyn_sheep",
        "phraseID": "tinlyn_lostsheep2",
        "attackDamage": {
            "min": 0,
            "max": 1
        }
    },
    {
        "id": "lostsheep3",
        "iconID": "monsters_karvis2:8",
        "name": "Sheep",
        "spawnGroup": "tinlyn_lostsheep3",
        "monsterClass": "animal",
        "unique": 1,
        "maxHP": 5,
        "maxAP": 10,
        "moveCost": 5,
        "attackCost": 5,
        "attackChance": 10,
        "blockChance": 5,
        "droplistID": "tinlyn_sheep",
        "phraseID": "tinlyn_lostsheep3",
        "attackDamage": {
            "min": 0,
            "max": 1
        }
    },
    {
        "id": "lostsheep4",
        "iconID": "monsters_karvis2:8",
        "name": "Sheep",
        "spawnGroup": "tinlyn_lostsheep4",
        "monsterClass": "animal",
        "unique": 1,
        "maxHP": 5,
        "maxAP": 10,
        "moveCost": 5,
        "attackCost": 5,
        "attackChance": 10,
        "blockChance": 5,
        "droplistID": "tinlyn_sheep",
        "phraseID": "tinlyn_lostsheep4",
        "attackDamage": {
            "min": 0,
            "max": 1
        }
    },
    {
        "id": "sheep1",
        "iconID": "monsters_karvis2:8",
        "name": "Sheep",
        "spawnGroup": "tinlyn_sheep",
        "monsterClass": "animal",
        "unique": 1,
        "maxHP": 5,
        "maxAP": 10,
        "moveCost": 5,
        "attackCost": 5,
        "attackChance": 10,
        "blockChance": 5,
        "droplistID": "tinlyn_sheep",
        "phraseID": "tinlyn_sheep",
        "attackDamage": {
            "min": 0,
            "max": 1
        }
    },
    {
        "id": "ailshara",
        "iconID": "monsters_men:8",
        "name": "Ailshara",
        "spawnGroup": "ailshara",
        "monsterClass": "humanoid",
        "droplistID": "shop_ailshara",
        "phraseID": "ailshara"
    },
    {
        "id": "arngyr",
        "iconID": "monsters_rltiles1:65",
        "name": "Arngyr",
        "spawnGroup": "arngyr",
        "monsterClass": "humanoid",
        "phraseID": "arngyr"
    },
    {
        "id": "benbyr",
        "iconID": "monsters_rltiles1:74",
        "name": "Benbyr",
        "spawnGroup": "benbyr",
        "monsterClass": "humanoid",
        "phraseID": "benbyr"
    },
    {
        "id": "celdar",
        "iconID": "monsters_rltiles1:94",
        "name": "Celdar",
        "spawnGroup": "celdar",
        "monsterClass": "humanoid",
        "phraseID": "celdar"
    },
    {
        "id": "conren",
        "iconID": "monsters_karvis2:5",
        "name": "Conren",
        "spawnGroup": "conren",
        "monsterClass": "humanoid",
        "phraseID": "conren"
    },
    {
        "id": "crossroads_backguard",
        "iconID": "monsters_rltiles1:76",
        "name": "Guard",
        "spawnGroup": "crossroads_backguard",
        "monsterClass": "humanoid",
        "unique": 1,
        "phraseID": "crossroads_backguard"
    },
    {
        "id": "crossroads_guard",
        "iconID": "monsters_rltiles1:76",
        "name": "Guard",
        "spawnGroup": "crossroads_guard",
        "monsterClass": "humanoid",
        "phraseID": "crossroads_guard"
    },
    {
        "id": "crossroads_sleepguard",
        "iconID": "monsters_rltiles1:76",
        "name": "Guard",
        "spawnGroup": "crossroads_sleepguard",
        "monsterClass": "humanoid",
        "phraseID": "crossroads_sleepguard"
    },
    {
        "id": "crossroads_guest",
        "iconID": "monsters_rltiles1:83",
        "name": "Visitor",
        "spawnGroup": "crossroads_guest",
        "monsterClass": "humanoid",
        "phraseID": "crossroads_guest"
    },
    {
        "id": "erinith",
        "iconID": "monsters_rltiles1:82",
        "name": "Erinith",
        "spawnGroup": "erinith",
        "monsterClass": "humanoid",
        "phraseID": "erinith"
    },
    {
        "id": "fanamor",
        "iconID": "monsters_men:7",
        "name": "Fanamor",
        "spawnGroup": "fanamor",
        "monsterClass": "humanoid",
        "phraseID": "fanamor"
    },
    {
        "id": "feygard_bridgeguard",
        "iconID": "monsters_men2:4",
        "name": "Feygard bridge guard",
        "spawnGroup": "feygard_bridgeguard",
        "monsterClass": "humanoid",
        "phraseID": "feygard_bridgeguard"
    },
    {
        "id": "fieldwasp_unique",
        "iconID": "monsters_insects:1",
        "name": "Frantic forest wasp",
        "spawnGroup": "fieldwasp_unique",
        "monsterClass": "insect",
        "unique": 1,
        "maxHP": 70,
        "maxAP": 10,
        "moveCost": 5,
        "attackCost": 3,
        "attackChance": 70,
        "criticalSkill": 200,
        "criticalMultiplier": 3,
        "blockChance": 150,
        "droplistID": "fieldwasp_unique",
        "attackDamage": {
            "min": 2,
            "max": 6
        }
    },
    {
        "id": "gallain",
        "iconID": "monsters_man1:0",
        "name": "Gallain",
        "spawnGroup": "gallain",
        "monsterClass": "humanoid",
        "droplistID": "shop_gallain",
        "phraseID": "gallain"
    },
    {
        "id": "gandoren",
        "iconID": "monsters_rltiles1:69",
        "name": "Gandoren",
        "spawnGroup": "gandoren",
        "monsterClass": "humanoid",
        "phraseID": "gandoren"
    },
    {
        "id": "grimion",
        "iconID": "monsters_men2:2",
        "name": "Grimion",
        "spawnGroup": "grimion",
        "monsterClass": "humanoid",
        "droplistID": "shop_grimion",
        "phraseID": "grimion"
    },
    {
        "id": "hadracor",
        "iconID": "monsters_men2:2",
        "name": "Hadracor",
        "spawnGroup": "hadracor",
        "monsterClass": "humanoid",
        "droplistID": "shop_hadracor",
        "phraseID": "hadracor"
    },
    {
        "id": "kuldan",
        "iconID": "monsters_rltiles1:85",
        "name": "Kuldan",
        "spawnGroup": "kuldan",
        "monsterClass": "humanoid",
        "phraseID": "kuldan"
    },
    {
        "id": "kuldan_guard",
        "iconID": "monsters_rltiles3:14",
        "name": "Kuldan's Guard",
        "spawnGroup": "kuldan_guard",
        "monsterClass": "humanoid",
        "phraseID": "kuldan_guard"
    },
    {
        "id": "landa",
        "iconID": "monsters_men:0",
        "name": "Landa",
        "spawnGroup": "landa",
        "monsterClass": "humanoid",
        "phraseID": "landa"
    },
    {
        "id": "loneford_chapelguard",
        "iconID": "monsters_rltiles1:78",
        "name": "Chapel guard",
        "spawnGroup": "loneford_chapelguard",
        "monsterClass": "humanoid",
        "phraseID": "loneford_chapelguard"
    },
    {
        "id": "loneford_farmer0",
        "iconID": "monsters_karvis2:1",
        "name": "Farmer",
        "spawnGroup": "loneford_farmer0",
        "monsterClass": "humanoid",
        "phraseID": "loneford_farmer0"
    },
    {
        "id": "loneford_guard0",
        "iconID": "monsters_rltiles3:14",
        "name": "Guard",
        "spawnGroup": "loneford_guard0",
        "monsterClass": "humanoid",
        "phraseID": "loneford_guard0"
    },
    {
        "id": "loneford_tavern_patron",
        "iconID": "monsters_karvis2:2",
        "name": "Tavern owner",
        "spawnGroup": "loneford_tavern_patron",
        "monsterClass": "humanoid",
        "phraseID": "loneford_tavern_patron"
    },
    {
        "id": "loneford_villager0",
        "iconID": "monsters_karvis2:0",
        "name": "Villager",
        "spawnGroup": "loneford_villager0",
        "monsterClass": "humanoid",
        "phraseID": "loneford_villager0"
    },
    {
        "id": "loneford_villager1",
        "iconID": "monsters_karvis2:1",
        "name": "Villager",
        "spawnGroup": "loneford_villager1",
        "monsterClass": "humanoid",
        "phraseID": "loneford_villager1"
    },
    {
        "id": "loneford_villager2",
        "iconID": "monsters_karvis2:3",
        "name": "Villager",
        "spawnGroup": "loneford_villager2",
        "monsterClass": "humanoid",
        "phraseID": "loneford_villager2"
    },
    {
        "id": "loneford_villager3",
        "iconID": "monsters_karvis2:5",
        "name": "Villager",
        "spawnGroup": "loneford_villager3",
        "monsterClass": "humanoid",
        "phraseID": "loneford_villager3"
    },
    {
        "id": "loneford_villager4",
        "iconID": "monsters_men:2",
        "name": "Villager",
        "spawnGroup": "loneford_villager4",
        "monsterClass": "humanoid",
        "phraseID": "loneford_villager4"
    },
    {
        "id": "loneford_wellguard",
        "iconID": "monsters_rltiles1:72",
        "name": "Guard",
        "spawnGroup": "loneford_wellguard",
        "monsterClass": "humanoid",
        "phraseID": "loneford_wellguard"
    },
    {
        "id": "mienn",
        "iconID": "monsters_rltiles1:87",
        "name": "Mienn",
        "spawnGroup": "mienn",
        "monsterClass": "humanoid",
        "phraseID": "mienn"
    },
    {
        "id": "minarra",
        "iconID": "monsters_rltiles1:86",
        "name": "Minarra",
        "spawnGroup": "minarra",
        "monsterClass": "humanoid",
        "droplistID": "shop_minarra",
        "phraseID": "minarra"
    },
    {
        "id": "puny_warehouserat",
        "iconID": "monsters_rats:1",
        "name": "Warehouse rat",
        "spawnGroup": "puny_warehouserat",
        "monsterClass": "animal",
        "maxHP": 5,
        "maxAP": 10,
        "moveCost": 5,
        "attackCost": 5,
        "attackChance": 50,
        "blockChance": 30,
        "droplistID": "rat",
        "attackDamage": {
            "min": 1,
            "max": 1
        }
    },
    {
        "id": "rolwynn",
        "iconID": "monsters_rltiles1:77",
        "name": "Rolwynn",
        "spawnGroup": "rolwynn",
        "monsterClass": "humanoid",
        "phraseID": "rolwynn"
    },
    {
        "id": "sienn",
        "iconID": "monsters_rltiles1:66",
        "name": "Sienn",
        "spawnGroup": "sienn",
        "monsterClass": "humanoid",
        "phraseID": "sienn"
    },
    {
        "id": "sienn_pet",
        "iconID": "monsters_misc:0",
        "name": "Sienn's pet",
        "spawnGroup": "sienn_pet",
        "monsterClass": "reptile",
        "phraseID": "sienn_pet"
    },
    {
        "id": "siola",
        "iconID": "monsters_rltiles1:90",
        "name": "Siola",
        "spawnGroup": "siola",
        "monsterClass": "humanoid",
        "droplistID": "shop_siola",
        "phraseID": "siola"
    },
    {
        "id": "taevinn",
        "iconID": "monsters_karvis2:5",
        "name": "Taevinn",
        "spawnGroup": "taevinn",
        "monsterClass": "humanoid",
        "phraseID": "taevinn"
    },
    {
        "id": "talion",
        "iconID": "monsters_men2:8",
        "name": "Talion",
        "spawnGroup": "talion",
        "monsterClass": "humanoid",
        "droplistID": "shop_talion",
        "phraseID": "talion"
    },
    {
        "id": "telund",
        "iconID": "monsters_rltiles1:74",
        "name": "Telund",
        "spawnGroup": "telund",
        "monsterClass": "humanoid",
        "phraseID": "telund"
    },
    {
        "id": "tinlyn",
        "iconID": "monsters_karvis2:7",
        "name": "Tinlyn",
        "spawnGroup": "tinlyn",
        "monsterClass": "humanoid",
        "phraseID": "tinlyn"
    },
    {
        "id": "wallach",
        "iconID": "monsters_rltiles1:75",
        "name": "Wallach",
        "spawnGroup": "wallach",
        "monsterClass": "humanoid",
        "phraseID": "wallach"
    },
    {
        "id": "woodcutter_0",
        "iconID": "monsters_men:0",
        "name": "Woodcutter",
        "spawnGroup": "woodcutter_0",
        "monsterClass": "humanoid",
        "phraseID": "woodcutter_0"
    },
    {
        "id": "woodcutter_2",
        "iconID": "monsters_men:0",
        "name": "Woodcutter",
        "spawnGroup": "woodcutter_2",
        "monsterClass": "humanoid",
        "phraseID": "woodcutter_2"
    },
    {
        "id": "woodcutter_3",
        "iconID": "monsters_men2:2",
        "name": "Woodcutter",
        "spawnGroup": "woodcutter_3",
        "monsterClass": "humanoid",
        "phraseID": "woodcutter_3"
    },
    {
        "id": "woodcutter_4",
        "iconID": "monsters_rltiles1:93",
        "name": "Woodcutter",
        "spawnGroup": "woodcutter_4",
        "monsterClass": "humanoid",
        "phraseID": "woodcutter_4"
    },
    {
        "id": "woodcutter_5",
        "iconID": "monsters_men2:2",
        "name": "Woodcutter",
        "spawnGroup": "woodcutter_5",
        "monsterClass": "humanoid",
        "phraseID": "woodcutter_5"
    },
    {
        "id": "rogorn",
        "iconID": "monsters_rltiles1:63",
        "name": "Rogorn",
        "spawnGroup": "rogorn",
        "monsterClass": "humanoid",
        "unique": 1,
        "maxHP": 145,
        "maxAP": 10,
        "moveCost": 5,
        "attackCost": 3,
        "attackChance": 90,
        "blockChance": 120,
        "damageResistance": 5,
        "droplistID": "rogorn",
        "phraseID": "rogorn",
        "attackDamage": {
            "min": 5,
            "max": 9
        }
    },
    {
        "id": "rogorn_henchman",
        "iconID": "monsters_rogue1:0",
        "name": "Rogorn's henchman",
        "spawnGroup": "rogorn_henchman",
        "monsterClass": "humanoid",
        "unique": 1,
        "maxHP": 130,
        "maxAP": 10,
        "moveCost": 5,
        "attackCost": 3,
        "attackChance": 80,
        "blockChance": 120,
        "damageResistance": 4,
        "droplistID": "rogorn_henchman",
        "phraseID": "rogorn_henchman",
        "attackDamage": {
            "min": 5,
            "max": 8
        }
    },
    {
        "id": "buceth",
        "iconID": "monsters_men2:7",
        "name": "Buceth",
        "spawnGroup": "buceth",
        "monsterClass": "humanoid",
        "unique": 1,
        "maxHP": 75,
        "maxAP": 10,
        "moveCost": 5,
        "attackCost": 3,
        "attackChance": 80,
        "criticalSkill": 200,
        "criticalMultiplier": 2,
        "blockChance": 120,
        "damageResistance": 4,
        "droplistID": "buceth",
        "phraseID": "buceth",
        "attackDamage": {
            "min": 3,
            "max": 9
        }
    },
    {
        "id": "gauward",
        "iconID": "monsters_mage2:0",
        "name": "Gauward",
        "spawnGroup": "gauward",
        "monsterClass": "humanoid",
        "phraseID": "gauward"
    }
]
