[
    {
        "id": "smug_looking_thief",
        "iconID": "monsters_men2:9",
        "name": "Smug looking thief",
        "spawnGroup": "tg_thief",
        "monsterClass": "humanoid",
        "phraseID": "thievesguild_thief_1"
    },
    {
        "id": "thieves_guild_cook",
        "iconID": "monsters_men:0",
        "name": "Thieves guild cook",
        "spawnGroup": "tg_cook",
        "monsterClass": "humanoid",
        "droplistID": "shop_thieves_guild_cook",
        "phraseID": "thievesguild_cook_1"
    },
    {
        "id": "pickpocket",
        "iconID": "monsters_men:7",
        "name": "Pickpocket",
        "spawnGroup": "pickpocket",
        "monsterClass": "humanoid",
        "phraseID": "thievesguild_pickpocket_1"
    },
    {
        "id": "troublemaker",
        "iconID": "monsters_men:8",
        "name": "Troublemaker",
        "spawnGroup": "troublemaker",
        "monsterClass": "humanoid",
        "droplistID": "shop_troublemaker",
        "phraseID": "thievesguild_troublemaker_1"
    },
    {
        "id": "farrik",
        "iconID": "monsters_rogue1:0",
        "name": "Farrik",
        "spawnGroup": "farrik",
        "monsterClass": "humanoid",
        "phraseID": "farrik_select_1"
    },
    {
        "id": "umar",
        "iconID": "monsters_man1:0",
        "name": "Umar",
        "spawnGroup": "umar",
        "monsterClass": "humanoid",
        "phraseID": "umar_select_1"
    },
    {
        "id": "kaori",
        "iconID": "monsters_men:7",
        "name": "Kaori",
        "spawnGroup": "kaori",
        "monsterClass": "humanoid",
        "phraseID": "kaori_start"
    },
    {
        "id": "old_vilegard_villager",
        "iconID": "monsters_men:0",
        "name": "Old Vilegard villager",
        "spawnGroup": "vilegard_villager_1",
        "monsterClass": "humanoid",
        "phraseID": "vilegard_villager_1"
    },
    {
        "id": "grumpy_vilegard_villager",
        "iconID": "monsters_men:5",
        "name": "Grumpy Vilegard villager",
        "spawnGroup": "vilegard_villager_2",
        "monsterClass": "humanoid",
        "phraseID": "vilegard_villager_2"
    },
    {
        "id": "vilegard_citizen",
        "iconID": "monsters_men:1",
        "name": "Vilegard citizen",
        "spawnGroup": "vilegard_villager_3",
        "monsterClass": "humanoid",
        "phraseID": "vilegard_villager_3"
    },
    {
        "id": "vilegard_resident",
        "iconID": "monsters_men2:0",
        "name": "Vilegard resident",
        "spawnGroup": "vilegard_villager_4",
        "monsterClass": "humanoid",
        "phraseID": "vilegard_villager_4"
    },
    {
        "id": "vilegard_woman",
        "iconID": "monsters_men:6",
        "name": "Vilegard woman",
        "spawnGroup": "vilegard_villager_5",
        "monsterClass": "humanoid",
        "phraseID": "vilegard_villager_5"
    },
    {
        "id": "erttu",
        "iconID": "monsters_mage2:0",
        "name": "Erttu",
        "spawnGroup": "erttu",
        "monsterClass": "humanoid",
        "phraseID": "erttu_1"
    },
    {
        "id": "dunla",
        "iconID": "monsters_rogue1:0",
        "name": "Dunla",
        "spawnGroup": "dunla",
        "monsterClass": "humanoid",
        "droplistID": "shop_dunla",
        "phraseID": "dunla_default"
    },
    {
        "id": "tharwyn",
        "iconID": "monsters_men:7",
        "name": "Tharwyn",
        "spawnGroup": "tharwyn",
        "monsterClass": "humanoid",
        "droplistID": "shop_tharwyn",
        "phraseID": "tharwyn_select"
    },
    {
        "id": "tavern_guest",
        "iconID": "monsters_men:0",
        "name": "Tavern guest",
        "spawnGroup": "vg_tavern_drunk",
        "monsterClass": "humanoid",
        "phraseID": "vilegard_tavern_drunk_1"
    },
    {
        "id": "jolnor",
        "iconID": "monsters_men2:8",
        "name": "Jolnor",
        "spawnGroup": "jolnor",
        "monsterClass": "humanoid",
        "droplistID": "shop_jolnor",
        "phraseID": "jolnor_select_1"
    },
    {
        "id": "alynndir",
        "iconID": "monsters_mage2:0",
        "name": "Alynndir",
        "spawnGroup": "alynndir",
        "monsterClass": "humanoid",
        "droplistID": "shop_alynndir",
        "phraseID": "alynndir_1"
    },
    {
        "id": "vilegard_armorer",
        "iconID": "monsters_mage2:0",
        "name": "Vilegard armorer",
        "spawnGroup": "vg_armorer",
        "monsterClass": "humanoid",
        "droplistID": "shop_vg_armorer",
        "phraseID": "vilegard_armorer_select"
    },
    {
        "id": "vilegard_smith",
        "iconID": "monsters_mage2:0",
        "name": "Vilegard smith",
        "spawnGroup": "vg_smith",
        "monsterClass": "humanoid",
        "droplistID": "shop_vg_smith",
        "phraseID": "vilegard_smith_select"
    },
    {
        "id": "ogam",
        "iconID": "monsters_men:0",
        "name": "Ogam",
        "spawnGroup": "ogam",
        "monsterClass": "humanoid",
        "phraseID": "ogam_1"
    },
    {
        "id": "foaming_flask_cook",
        "iconID": "monsters_men:0",
        "name": "Foaming Flask cook",
        "spawnGroup": "ff_cook",
        "monsterClass": "humanoid",
        "phraseID": "ff_cook_1"
    },
    {
        "id": "torilo",
        "iconID": "monsters_men2:9",
        "name": "Torilo",
        "spawnGroup": "torilo",
        "monsterClass": "humanoid",
        "droplistID": "shop_torilo",
        "phraseID": "torilo_1"
    },
    {
        "id": "ambelie",
        "iconID": "monsters_men:6",
        "name": "Ambelie",
        "spawnGroup": "ambelie",
        "monsterClass": "humanoid",
        "phraseID": "ambelie_1"
    },
    {
        "id": "feygard_patrol",
        "iconID": "monsters_rltiles3:14",
        "name": "Feygard patrol",
        "spawnGroup": "ff_guard",
        "monsterClass": "humanoid",
        "phraseID": "ff_guard_1"
    },
    {
        "id": "feygard_patrol_captain",
        "iconID": "monsters_men:3",
        "name": "Feygard patrol captain",
        "spawnGroup": "ff_captain",
        "monsterClass": "humanoid",
        "phraseID": "ff_captain_1"
    },
    {
        "id": "feygard_patrol_watch",
        "iconID": "monsters_rltiles3:14",
        "name": "Feygard patrol watch",
        "spawnGroup": "ff_outsideguard",
        "monsterClass": "humanoid",
        "unique": 1,
        "maxHP": 80,
        "attackCost": 5,
        "attackChance": 70,
        "blockChance": 80,
        "damageResistance": 3,
        "droplistID": "ff_outsideguard",
        "phraseID": "ff_outsideguard_select",
        "attackDamage": {
            "min": 2,
            "max": 7
        }
    },
    {
        "id": "wrye",
        "iconID": "monsters_men:6",
        "name": "Wrye",
        "spawnGroup": "wrye",
        "monsterClass": "humanoid",
        "phraseID": "wrye_select_1"
    },
    {
        "id": "oluag",
        "iconID": "monsters_men:8",
        "name": "Oluag",
        "spawnGroup": "oluag",
        "monsterClass": "humanoid",
        "phraseID": "oluag_1"
    },
    {
        "id": "cave_dwelling_boar",
        "iconID": "monsters_dogs:6",
        "name": "Cave dwelling boar",
        "spawnGroup": "caveboar1",
        "monsterClass": "animal",
        "maxHP": 35,
        "attackCost": 5,
        "attackChance": 70,
        "blockChance": 60,
        "damageResistance": 3,
        "droplistID": "canine2",
        "attackDamage": {
            "min": 3,
            "max": 8
        }
    },
    {
        "id": "hardshell_beetle",
        "iconID": "monsters_insects:4",
        "name": "Hardshell beetle",
        "spawnGroup": "beetle2",
        "monsterClass": "insect",
        "maxHP": 25,
        "attackCost": 5,
        "attackChance": 50,
        "blockChance": 40,
        "damageResistance": 9,
        "droplistID": "beetle2",
        "attackDamage": {
            "min": 0,
            "max": 5
        }
    },
    {
        "id": "young_shadow_gargoyle",
        "iconID": "monsters_misc:1",
        "name": "Young shadow gargoyle",
        "spawnGroup": "shadowgarg1",
        "monsterClass": "construct",
        "maxHP": 35,
        "attackCost": 5,
        "attackChance": 65,
        "criticalSkill": 8,
        "criticalMultiplier": 3,
        "blockChance": 75,
        "damageResistance": 3,
        "droplistID": "shadowgarg1",
        "attackDamage": {
            "min": 3,
            "max": 9
        }
    },
    {
        "id": "fledgling_shadow_gargoyle",
        "iconID": "monsters_misc:1",
        "name": "Fledgling shadow gargoyle",
        "spawnGroup": "shadowgarg1",
        "monsterClass": "construct",
        "maxHP": 36,
        "attackCost": 5,
        "attackChance": 65,
        "criticalSkill": 8,
        "criticalMultiplier": 3,
        "blockChance": 75,
        "damageResistance": 3,
        "droplistID": "shadowgarg1",
        "attackDamage": {
            "min": 3,
            "max": 9
        }
    },
    {
        "id": "shadow_gargoyle",
        "iconID": "monsters_misc:2",
        "name": "Shadow gargoyle",
        "spawnGroup": "shadowgarg2",
        "monsterClass": "construct",
        "maxHP": 37,
        "attackCost": 5,
        "attackChance": 70,
        "criticalSkill": 8,
        "criticalMultiplier": 3,
        "blockChance": 85,
        "damageResistance": 3,
        "droplistID": "shadowgarg1",
        "attackDamage": {
            "min": 4,
            "max": 10
        }
    },
    {
        "id": "tough_shadow_gargoyle",
        "iconID": "monsters_misc:2",
        "name": "Tough shadow gargoyle",
        "spawnGroup": "shadowgarg2",
        "monsterClass": "construct",
        "maxHP": 37,
        "attackCost": 5,
        "attackChance": 70,
        "criticalSkill": 8,
        "criticalMultiplier": 3,
        "blockChance": 85,
        "damageResistance": 4,
        "droplistID": "shadowgarg2",
        "attackDamage": {
            "min": 4,
            "max": 10
        }
    },
    {
        "id": "shadow_gargoyle_trainer",
        "iconID": "monsters_liches:0",
        "name": "Shadow gargoyle trainer",
        "spawnGroup": "shadowgarg3",
        "monsterClass": "undead",
        "maxHP": 35,
        "attackCost": 5,
        "attackChance": 90,
        "criticalSkill": 12,
        "criticalMultiplier": 3,
        "blockChance": 90,
        "damageResistance": 5,
        "droplistID": "shadowgarg3",
        "attackDamage": {
            "min": 3,
            "max": 6
        }
    },
    {
        "id": "shadow_gargoyle_master",
        "iconID": "monsters_liches:1",
        "name": "Shadow gargoyle master",
        "spawnGroup": "shadowgarg4",
        "monsterClass": "undead",
        "maxHP": 35,
        "attackCost": 5,
        "attackChance": 125,
        "criticalSkill": 12,
        "criticalMultiplier": 3,
        "blockChance": 90,
        "damageResistance": 5,
        "droplistID": "shadowgarg3",
        "attackDamage": {
            "min": 3,
            "max": 6
        }
    },
    {
        "id": "maelveon",
        "iconID": "monsters_liches:2",
        "name": "Maelveon",
        "spawnGroup": "maelveon",
        "monsterClass": "undead",
        "unique": 1,
        "maxHP": 55,
        "attackCost": 3,
        "attackChance": 80,
        "criticalSkill": 15,
        "criticalMultiplier": 3,
        "blockChance": 90,
        "damageResistance": 5,
        "droplistID": "maelveon",
        "phraseID": "maelveon",
        "attackDamage": {
            "min": 0,
            "max": 12
        }
    }
]
