[
    {
        "id": "hirathil0",
        "iconID": "monsters_rltiles2:40",
        "name": "Hirathil spawn",
        "spawnGroup": "hirathil0",
        "droplistID": "hirathil",
        "monsterClass": "ghost",
        "maxHP": 73,
        "moveCost": 5,
        "attackCost": 3,
        "attackChance": 193,
        "criticalSkill": 25,
        "criticalMultiplier": 3,
        "blockChance": 74,
        "damageResistance": 14,
        "attackDamage": {
            "min": 6,
            "max": 7
        },
        "movementAggressionType": "helpOthers"
    },
    {
        "id": "hirathil1",
        "iconID": "monsters_rltiles2:40",
        "name": "Aggressive Hirathil ghost",
        "spawnGroup": "hirathil0",
        "droplistID": "hirathil",
        "monsterClass": "ghost",
        "maxHP": 75,
        "moveCost": 5,
        "attackCost": 3,
        "attackChance": 199,
        "criticalSkill": 25,
        "criticalMultiplier": 3,
        "blockChance": 75,
        "damageResistance": 14,
        "attackDamage": {
            "min": 6,
            "max": 7
        },
        "movementAggressionType": "helpOthers"
    },
    {
        "id": "hirathil2",
        "iconID": "monsters_rltiles2:41",
        "name": "Hirathil ghost",
        "spawnGroup": "hirathil0",
        "droplistID": "hirathil",
        "monsterClass": "ghost",
        "maxHP": 77,
        "moveCost": 5,
        "attackCost": 3,
        "attackChance": 202,
        "criticalSkill": 25,
        "criticalMultiplier": 3,
        "blockChance": 78,
        "damageResistance": 14,
        "attackDamage": {
            "min": 6,
            "max": 7
        },
        "movementAggressionType": "helpOthers"
    },
    {
        "id": "hirathil3",
        "iconID": "monsters_rltiles2:41",
        "name": "Ferocious Hirathil ghost",
        "spawnGroup": "hirathil1",
        "droplistID": "hirathil",
        "monsterClass": "ghost",
        "maxHP": 79,
        "moveCost": 5,
        "attackCost": 3,
        "attackChance": 205,
        "criticalSkill": 25,
        "criticalMultiplier": 3,
        "blockChance": 80,
        "damageResistance": 14,
        "attackDamage": {
            "min": 6,
            "max": 7
        },
        "movementAggressionType": "helpOthers"
    },
    {
        "id": "hirathil4",
        "iconID": "monsters_rltiles2:42",
        "name": "Restless Hirathil ghost",
        "spawnGroup": "hirathil1",
        "droplistID": "hirathil",
        "monsterClass": "ghost",
        "maxHP": 83,
        "moveCost": 5,
        "attackCost": 5,
        "attackChance": 136,
        "criticalSkill": 35,
        "criticalMultiplier": 3,
        "blockChance": 152,
        "damageResistance": 10,
        "attackDamage": {
            "min": 7,
            "max": 16
        },
        "movementAggressionType": "helpOthers"
    },
    {
        "id": "hirathil5",
        "iconID": "monsters_rltiles2:42",
        "name": "Hirathil Servant",
        "spawnGroup": "hirathil1",
        "droplistID": "hirathil",
        "monsterClass": "ghost",
        "maxHP": 87,
        "moveCost": 5,
        "attackCost": 5,
        "attackChance": 139,
        "criticalSkill": 35,
        "criticalMultiplier": 3,
        "blockChance": 154,
        "damageResistance": 10,
        "attackDamage": {
            "min": 7,
            "max": 16
        },
        "movementAggressionType": "helpOthers"
    },
    {
        "id": "hirathil6",
        "iconID": "monsters_rltiles2:43",
        "name": "Hirathil Master",
        "spawnGroup": "hirathil2",
        "droplistID": "hirathil",
        "monsterClass": "ghost",
        "maxHP": 89,
        "moveCost": 5,
        "attackCost": 5,
        "attackChance": 142,
        "criticalSkill": 35,
        "criticalMultiplier": 3,
        "blockChance": 156,
        "damageResistance": 10,
        "attackDamage": {
            "min": 7,
            "max": 16
        },
        "movementAggressionType": "helpOthers"
    },
    {
        "id": "hirathil7",
        "iconID": "monsters_rltiles2:43",
        "name": "Ancient Hirathil ghost",
        "spawnGroup": "hirathil2",
        "droplistID": "hirathil",
        "monsterClass": "ghost",
        "maxHP": 92,
        "moveCost": 5,
        "attackCost": 5,
        "attackChance": 145,
        "criticalSkill": 35,
        "criticalMultiplier": 3,
        "blockChance": 157,
        "damageResistance": 10,
        "attackDamage": {
            "min": 7,
            "max": 16
        },
        "movementAggressionType": "helpOthers"
    },
    {
        "id": "hirazinn",
        "iconID": "monsters_demon2:0",
        "name": "Hira'zinn",
        "phraseID": "hirazinn",
        "droplistID": "hirazinn",
        "monsterClass": "demon",
        "unique": 1,
        "maxHP": 263,
        "moveCost": 5,
        "attackCost": 2,
        "attackChance": 129,
        "criticalSkill": 10,
        "criticalMultiplier": 2,
        "blockChance": 132,
        "damageResistance": 21,
        "attackDamage": {
            "min": 3,
            "max": 6
        },
        "hitEffect": {
            "increaseCurrentHP": {
                "min": 1,
                "max": 6
            },
            "conditionsTarget": [
                {
                    "magnitude": 4,
                    "duration": 3,
                    "chance": 30,
                    "condition": "fear"
                },
                {
                    "magnitude": 3,
                    "duration": 3,
                    "chance": 30,
                    "condition": "bleeding_wound"
                }
            ]
        },
        "size": "2x2"
    }
]
