[
  {
    "id": "guard_pathway",
    "name": "Watchman",
    "iconID": "monsters_rltiles3:14",
    "spawnGroup": "guard_pathway",
    "phraseID": "guard_pathway"
  },
  {
    "id": "wolf_leader",
    "name": "Korvan the leader of the wolves",
    "unique": 1,
    "monsterClass": "animal",
    "movementAggressionType": "helpOthers",
    "iconID": "monsters_rltiles2:108",
    "spawnGroup": "wolf_leader",
    "maxHP": 50,
    "moveCost": 3,
    "attackDamage": {
      "min": 4,
      "max": 7
    },
    "droplistID": "jakrar_axe_drop",
    "attackCost": 5,
    "attackChance": 130,
    "blockChance": 35
  }
]