[
    {
        "id": "agthor",
        "name": "Agthor",
        "iconID": "monsters_men2:4",
        "phraseID": "agthor",
        "droplistID": "shop_agthor"
    },
    {
        "id": "agthor_guard",
        "name": "Agthor's guard",
        "spawnGroup": "agthor_guard",
        "iconID": "monsters_rltiles1:76",
        "phraseID": "agthor_guard0"
    },
    {
        "id": "askyl",
        "name": "Askyl",
        "iconID": "monsters_ld1:26",
        "phraseID": "askyl0"
    },
    {
        "id": "aulowenn",
        "name": "Aulowenn",
        "iconID": "monsters_rltiles1:86",
        "phraseID": "aulowenn0",
        "unique": 1,
        "droplistID": "aulowenn",
        "maxHP": 194,
        "maxAP": 10,
        "moveCost": 5,
        "attackCost": 3,
        "attackChance": 120,
        "blockChance": 90,
        "damageResistance": 5,
        "attackDamage": {
            "min": 0,
            "max": 9
        }
    },
    {
        "id": "charwd_guard",
        "name": "Guard",
        "phraseID": "charwd_guard",
        "unique": 1,
        "iconID": "monsters_ld1:114"
    },
    {
        "id": "drashad",
        "name": "Drashad",
        "iconID": "monsters_ld1:63",
        "phraseID": "drashad"
    },
    {
        "id": "erethori",
        "name": "Erethori",
        "phraseID": "erethori0",
        "iconID": "monsters_ld1:100"
    },
    {
        "id": "esfiume",
        "name": "Esfiume",
        "phraseID": "esfiume0",
        "iconID": "monsters_ld1:125"
    },
    {
        "id": "falothen0",
        "name": "Falothen",
        "unique": 1,
        "phraseID": "falothen0",
        "iconID": "monsters_tometik5:0"
    },
    {
        "id": "falothen1",
        "name": "Falothen",
        "phraseID": "falothen1",
        "iconID": "monsters_tometik5:0"
    },
    {
        "id": "fayvara0",
        "name": "Fayvara",
        "unique": 1,
        "phraseID": "fayvara0",
        "iconID": "monsters_tometik6:10"
    },
    {
        "id": "fayvara1",
        "name": "Fayvara",
        "phraseID": "fayvara1",
        "iconID": "monsters_tometik6:10"
    },
    {
        "id": "kantya",
        "name": "Kantya",
        "phraseID": "kantya",
        "iconID": "monsters_ld1:14"
    },
    {
        "id": "khorailla",
        "name": "Khorailla",
        "phraseID": "khorailla",
        "droplistID": "shop_khorailla",
        "iconID": "monsters_ld1:221"
    },
    {
        "id": "lethenlor",
        "name": "Lethenlor",
        "phraseID": "lethenlor0",
        "iconID": "monsters_tometik6:16"
    },
    {
        "id": "lleglaris",
        "name": "Lleglaris",
        "phraseID": "lleglaris",
        "droplistID": "shop_lleglaris",
        "iconID": "monsters_ld1:41"
    },
    {
        "id": "lodar",
        "name": "Lodar",
        "phraseID": "lodar",
        "droplistID": "shop_lodar",
        "iconID": "monsters_rltiles1:77"
    },
    {
        "id": "lowyna",
        "name": "Lowyna",
        "phraseID": "lowyna",
        "droplistID": "shop_lowyna",
        "iconID": "monsters_rltiles1:94"
    },
    {
        "id": "maevalia",
        "name": "Maevalia",
        "phraseID": "maevalia",
        "iconID": "monsters_rltiles3:18"
    },
    {
        "id": "smuggler1",
        "name": "Outcast",
        "phraseID": "smuggler1_0",
        "iconID": "monsters_ld1:26"
    },
    {
        "id": "smuggler2",
        "name": "Outcast",
        "phraseID": "smuggler2_0",
        "iconID": "monsters_ld1:82"
    },
    {
        "id": "smuggler4",
        "name": "Outcast",
        "phraseID": "smuggler4_0",
        "iconID": "monsters_tometik2:63"
    },
    {
        "id": "smuggler5",
        "name": "Outcast",
        "phraseID": "smuggler5_1",
        "iconID": "monsters_tometik2:70"
    },
    {
        "id": "smuggler6",
        "name": "Outcast",
        "phraseID": "smuggler6_1",
        "iconID": "monsters_tometik5:0"
    },
    {
        "id": "smuggler7",
        "name": "Outcast",
        "phraseID": "smuggler7_1",
        "iconID": "monsters_tometik7:40"
    },
    {
        "id": "tiqui",
        "name": "Tiqui",
        "unique": 1,
        "phraseID": "tiqui",
        "droplistID": "tiqui",
        "iconID": "monsters_tometik5:87",
        "maxHP": 145,
        "maxAP": 10,
        "moveCost": 5,
        "attackCost": 3,
        "attackChance": 90,
        "blockChance": 120,
        "damageResistance": 9,
        "attackDamage": {
            "min": 0,
            "max": 9
        }
    },
    {
        "id": "twoteeth",
        "name": "Two-teeth",
        "phraseID": "twoteeth",
        "iconID": "monsters_tometik7:40"
    },
    {
        "id": "highwayman1",
        "iconID": "monsters_men:8",
        "name": "Highwayman",
        "maxHP": 154,
        "attackCost": 5,
        "attackChance": 160,
        "blockChance": 70,
        "damageResistance": 4,
        "droplistID": "highwayman1",
        "phraseID": "highwayman1",
        "attackDamage": {
            "min": 2,
            "max": 7
        },
        "unique": 1
    }
]
