[
    {
        "id": "ingus",
        "iconID": "monsters_rltiles1:94",
        "name": "Ingus",
        "spawnGroup": "ingus",
        "monsterClass": "humanoid",
        "phraseID": "ingus"
    },
    {
        "id": "elwyl",
        "iconID": "monsters_ld1:187",
        "name": "Elwyl",
        "spawnGroup": "elwyl",
        "monsterClass": "humanoid",
        "phraseID": "elwyl"
    },
    {
        "id": "elwel",
        "iconID": "monsters_ld1:188",
        "name": "Elwel",
        "spawnGroup": "elwel",
        "monsterClass": "humanoid",
        "phraseID": "elwel"
    },
    {
        "id": "hjaldar",
        "iconID": "monsters_rltiles1:70",
        "name": "Hjaldar",
        "spawnGroup": "hjaldar",
        "monsterClass": "humanoid",
        "droplistID": "shop_hjaldar",
        "phraseID": "hjaldar"
    },
    {
        "id": "norath",
        "iconID": "monsters_ld1:8",
        "name": "Norath",
        "spawnGroup": "norath",
        "monsterClass": "humanoid",
        "phraseID": "norath"
    },
    {
        "id": "rothses",
        "iconID": "monsters_ld1:14",
        "name": "Rothses",
        "spawnGroup": "rothses",
        "monsterClass": "humanoid",
        "droplistID": "shop_rothses",
        "phraseID": "rothses"
    },
    {
        "id": "duaina",
        "iconID": "monsters_ld1:154",
        "name": "Duaina",
        "spawnGroup": "duaina",
        "monsterClass": "humanoid",
        "phraseID": "duaina"
    },
    {
        "id": "rg_villager1",
        "iconID": "monsters_ld1:132",
        "name": "Commoner",
        "spawnGroup": "remgard_villager1",
        "monsterClass": "humanoid",
        "phraseID": "remgard_villager1"
    },
    {
        "id": "rg_villager2",
        "iconID": "monsters_ld1:20",
        "name": "Commoner",
        "spawnGroup": "remgard_villager2",
        "monsterClass": "humanoid",
        "phraseID": "remgard_villager2"
    },
    {
        "id": "rg_villager3",
        "iconID": "monsters_ld1:134",
        "name": "Commoner",
        "spawnGroup": "remgard_villager3",
        "monsterClass": "humanoid",
        "phraseID": "remgard_villager3"
    },
    {
        "id": "jhaeld",
        "iconID": "monsters_mage:0",
        "name": "Jhaeld",
        "spawnGroup": "jhaeld",
        "monsterClass": "humanoid",
        "phraseID": "jhaeld"
    },
    {
        "id": "krell",
        "iconID": "monsters_men2:6",
        "name": "Krell",
        "spawnGroup": "krell",
        "monsterClass": "humanoid",
        "phraseID": "krell"
    },
    {
        "id": "elythom_kn1",
        "iconID": "monsters_men:3",
        "name": "Knight of Elythom",
        "spawnGroup": "elythom_knight1",
        "monsterClass": "humanoid",
        "phraseID": "elythom_knight1"
    },
    {
        "id": "elythom_kn2",
        "iconID": "monsters_men:3",
        "name": "Knight of Elythom",
        "spawnGroup": "elythom_knight2",
        "monsterClass": "humanoid",
        "phraseID": "elythom_knight2"
    },
    {
        "id": "almars",
        "iconID": "monsters_rogue1:0",
        "name": "Almars",
        "spawnGroup": "almars",
        "monsterClass": "humanoid",
        "phraseID": "almars"
    },
    {
        "id": "arghes",
        "iconID": "monsters_rogue1:0",
        "name": "Arghes",
        "spawnGroup": "arghes",
        "monsterClass": "humanoid",
        "droplistID": "shop_arghes",
        "phraseID": "arghes"
    },
    {
        "id": "arnal",
        "iconID": "monsters_ld1:28",
        "name": "Arnal",
        "spawnGroup": "arnal",
        "monsterClass": "humanoid",
        "droplistID": "shop_arnal",
        "phraseID": "arnal"
    },
    {
        "id": "atash",
        "iconID": "monsters_ld1:38",
        "name": "Aatash",
        "spawnGroup": "atash",
        "monsterClass": "humanoid",
        "phraseID": "atash"
    },
    {
        "id": "caeda",
        "iconID": "monsters_ld1:145",
        "name": "Caeda",
        "spawnGroup": "caeda",
        "monsterClass": "humanoid",
        "phraseID": "caeda"
    },
    {
        "id": "carthe",
        "iconID": "monsters_man1:0",
        "name": "Carthe",
        "spawnGroup": "carthe",
        "monsterClass": "humanoid",
        "phraseID": "carthe"
    },
    {
        "id": "chael",
        "iconID": "monsters_men:0",
        "name": "Chael",
        "spawnGroup": "chael",
        "monsterClass": "humanoid",
        "phraseID": "chael"
    },
    {
        "id": "easturlie",
        "iconID": "monsters_men:6",
        "name": "Easturlie",
        "spawnGroup": "easturlie",
        "monsterClass": "humanoid",
        "phraseID": "easturlie"
    },
    {
        "id": "emerei",
        "iconID": "monsters_ld1:27",
        "name": "Emerei",
        "spawnGroup": "emerei",
        "monsterClass": "humanoid",
        "phraseID": "emerei"
    },
    {
        "id": "ervelyn",
        "iconID": "monsters_ld1:228",
        "name": "Ervelyn",
        "spawnGroup": "ervelyn",
        "monsterClass": "humanoid",
        "droplistID": "shop_ervelyn",
        "phraseID": "ervelyn"
    },
    {
        "id": "freen",
        "iconID": "monsters_rltiles1:77",
        "name": "Freen",
        "spawnGroup": "freen",
        "monsterClass": "humanoid",
        "phraseID": "freen"
    },
    {
        "id": "janach",
        "iconID": "monsters_rltiles3:8",
        "name": "Janach",
        "spawnGroup": "janach",
        "monsterClass": "humanoid",
        "phraseID": "janach"
    },
    {
        "id": "kendelow",
        "iconID": "monsters_man1:0",
        "name": "Kendelow",
        "spawnGroup": "kendelow",
        "monsterClass": "humanoid",
        "droplistID": "shop_kendelow",
        "phraseID": "kendelow"
    },
    {
        "id": "larni",
        "iconID": "monsters_ld1:26",
        "name": "Larni",
        "spawnGroup": "larni",
        "monsterClass": "humanoid",
        "phraseID": "larni"
    },
    {
        "id": "maelf",
        "iconID": "monsters_ld1:53",
        "name": "Maelf",
        "spawnGroup": "maelf",
        "monsterClass": "humanoid",
        "phraseID": "maelf"
    },
    {
        "id": "morgisia",
        "iconID": "monsters_rltiles3:5",
        "name": "Morgisia",
        "spawnGroup": "morgisia",
        "monsterClass": "humanoid",
        "phraseID": "morgisia"
    },
    {
        "id": "perester",
        "iconID": "monsters_rltiles3:18",
        "name": "Perester",
        "spawnGroup": "perester",
        "monsterClass": "humanoid",
        "phraseID": "perester"
    },
    {
        "id": "perlynn",
        "iconID": "monsters_mage2:0",
        "name": "Perlynn",
        "spawnGroup": "perlynn",
        "monsterClass": "humanoid",
        "phraseID": "perlynn"
    },
    {
        "id": "reinkarr",
        "iconID": "monsters_rltiles1:66",
        "name": "Reinkarr",
        "spawnGroup": "reinkarr",
        "monsterClass": "humanoid",
        "phraseID": "reinkarr"
    },
    {
        "id": "remgard_d1",
        "iconID": "monsters_ld1:18",
        "name": "Tavern guest",
        "spawnGroup": "remgard_drunk",
        "monsterClass": "humanoid",
        "phraseID": "remgard_drunk1"
    },
    {
        "id": "remgard_d2",
        "iconID": "monsters_rltiles2:81",
        "name": "Tavern guest",
        "spawnGroup": "remgard_drunk",
        "monsterClass": "humanoid",
        "phraseID": "remgard_drunk2"
    },
    {
        "id": "remgard_farmer1",
        "iconID": "monsters_ld1:26",
        "name": "Farmer",
        "spawnGroup": "remgard_farmer1",
        "monsterClass": "humanoid",
        "phraseID": "remgard_farmer1"
    },
    {
        "id": "remgard_farmer2",
        "iconID": "monsters_ld1:220",
        "name": "Farmer",
        "spawnGroup": "remgard_farmer2",
        "monsterClass": "humanoid",
        "phraseID": "remgard_farmer2"
    },
    {
        "id": "remgard_g1",
        "iconID": "monsters_ld1:4",
        "name": "Guard",
        "spawnGroup": "remgard_guard",
        "monsterClass": "humanoid",
        "phraseID": "fallhaven_guard"
    },
    {
        "id": "remgard_g2",
        "iconID": "monsters_ld1:5",
        "name": "Guard",
        "spawnGroup": "remgard_guard",
        "monsterClass": "humanoid",
        "phraseID": "blackwater_guard1"
    },
    {
        "id": "remgard_g3",
        "iconID": "monsters_ld1:67",
        "name": "Guard",
        "spawnGroup": "remgard_guard2",
        "monsterClass": "humanoid",
        "phraseID": "remgard_guard1"
    },
    {
        "id": "remgard_pg",
        "iconID": "monsters_ld1:11",
        "name": "Prison Guard",
        "spawnGroup": "remgard_prison_guard",
        "monsterClass": "humanoid",
        "phraseID": "remgard_prison_guard"
    },
    {
        "id": "rg_villager4",
        "iconID": "monsters_ld1:164",
        "name": "Commoner",
        "spawnGroup": "remgard_villager4",
        "monsterClass": "humanoid",
        "phraseID": "remgard_villager4"
    },
    {
        "id": "rg_villager5",
        "iconID": "monsters_ld1:148",
        "name": "Commoner",
        "spawnGroup": "remgard_villager5",
        "monsterClass": "humanoid",
        "phraseID": "remgard_villager5"
    },
    {
        "id": "rg_villager6",
        "iconID": "monsters_ld1:188",
        "name": "Commoner",
        "spawnGroup": "remgard_villager6",
        "monsterClass": "humanoid",
        "phraseID": "remgard_villager6"
    },
    {
        "id": "rg_villager7",
        "iconID": "monsters_ld1:10",
        "name": "Commoner",
        "spawnGroup": "remgard_villager7",
        "monsterClass": "humanoid",
        "phraseID": "remgard_villager7"
    },
    {
        "id": "rg_villager8",
        "iconID": "monsters_rltiles3:18",
        "name": "Commoner",
        "spawnGroup": "remgard_villager8",
        "monsterClass": "humanoid",
        "phraseID": "remgard_villager8"
    },
    {
        "id": "skylenar",
        "iconID": "monsters_ld1:3",
        "name": "Skylenar",
        "spawnGroup": "skylenar",
        "monsterClass": "humanoid",
        "droplistID": "shop_skylenar",
        "phraseID": "skylenar"
    },
    {
        "id": "taylin",
        "iconID": "monsters_rltiles1:74",
        "name": "Taylin",
        "spawnGroup": "taylin",
        "monsterClass": "humanoid",
        "phraseID": "taylin"
    },
    {
        "id": "petdog",
        "iconID": "monsters_dogs:0",
        "name": "Dog",
        "spawnGroup": "petdog",
        "monsterClass": "animal",
        "phraseID": "petdog"
    },
    {
        "id": "kaverin",
        "iconID": "monsters_ld1:100",
        "name": "Kaverin",
        "spawnGroup": "kaverin",
        "monsterClass": "giant",
        "unique": 1,
        "maxHP": 320,
        "maxAP": 5,
        "moveCost": 5,
        "attackCost": 3,
        "attackChance": 65,
        "criticalSkill": 30,
        "criticalMultiplier": 3,
        "blockChance": 90,
        "damageResistance": 6,
        "droplistID": "kaverin",
        "phraseID": "kaverin",
        "attackDamage": {
            "min": 1,
            "max": 20
        }
    },
    {
        "id": "izthiel_cr",
        "iconID": "monsters_rltiles2:52",
        "name": "Izthiel Guardian",
        "spawnGroup": "izthiel_cr",
        "monsterClass": "reptile",
        "unique": 1,
        "maxHP": 354,
        "maxAP": 10,
        "moveCost": 5,
        "attackCost": 3,
        "attackChance": 120,
        "blockChance": 60,
        "damageResistance": 11,
        "droplistID": "oegyth1",
        "attackDamage": {
            "min": 3,
            "max": 7
        },
        "hitEffect": {
            "conditionsTarget": [
                {
                    "condition": "bleeding_wound",
                    "magnitude": 3,
                    "duration": 5,
                    "chance": 50
                }
            ]
        }
    },
    {
        "id": "burrower_cr",
        "iconID": "monsters_rltiles2:165",
        "name": "Giant larval burrower",
        "spawnGroup": "burrower_cr",
        "monsterClass": "insect",
        "unique": 1,
        "maxHP": 175,
        "maxAP": 10,
        "moveCost": 5,
        "attackCost": 5,
        "attackChance": 95,
        "blockChance": 80,
        "damageResistance": 2,
        "droplistID": "oegyth1",
        "attackDamage": {
            "min": 1,
            "max": 25
        }
    },
    {
        "id": "allaceph_cr",
        "iconID": "monsters_rltiles2:103",
        "name": "Ancient Allaceph",
        "spawnGroup": "allaceph_cr",
        "monsterClass": "demon",
        "unique": 1,
        "maxHP": 333,
        "maxAP": 10,
        "moveCost": 5,
        "attackCost": 3,
        "attackChance": 80,
        "criticalSkill": 40,
        "criticalMultiplier": 2,
        "blockChance": 115,
        "damageResistance": 3,
        "droplistID": "oegyth1",
        "attackDamage": {
            "min": 3,
            "max": 7
        },
        "hitEffect": {
            "increaseCurrentHP": {
                "min": 7,
                "max": 7
            },
            "conditionsTarget": [
                {
                    "condition": "feebleness_minor",
                    "magnitude": 3,
                    "duration": 3,
                    "chance": 20
                }
            ]
        }
    },
    {
        "id": "plaguesp_cr",
        "iconID": "monsters_rltiles2:38",
        "name": "Plaguestrider master",
        "spawnGroup": "plaguespider_cr",
        "monsterClass": "undead",
        "unique": 1,
        "maxHP": 365,
        "maxAP": 10,
        "moveCost": 5,
        "attackCost": 3,
        "attackChance": 85,
        "criticalSkill": 160,
        "criticalMultiplier": 3,
        "blockChance": 175,
        "damageResistance": 2,
        "droplistID": "oegyth1",
        "attackDamage": {
            "min": 2,
            "max": 8
        },
        "hitEffect": {
            "conditionsTarget": [
                {
                    "condition": "contagion",
                    "magnitude": 4,
                    "duration": 5,
                    "chance": 70
                },
                {
                    "condition": "blister",
                    "magnitude": 3,
                    "duration": 5,
                    "chance": 50
                }
            ]
        }
    },
    {
        "id": "maonit_cr",
        "iconID": "monsters_rltiles1:107",
        "name": "Strong Maonit brute",
        "spawnGroup": "maonit_cr",
        "monsterClass": "giant",
        "unique": 1,
        "maxHP": 620,
        "maxAP": 5,
        "moveCost": 5,
        "attackCost": 5,
        "attackChance": 65,
        "criticalSkill": 30,
        "criticalMultiplier": 3,
        "blockChance": 20,
        "damageResistance": 6,
        "droplistID": "oegyth1",
        "attackDamage": {
            "min": 1,
            "max": 20
        },
        "hitEffect": {
            "conditionsTarget": [
                {
                    "condition": "stunned",
                    "magnitude": 1,
                    "duration": 3,
                    "chance": 10
                }
            ]
        }
    }
]
