[
    {
        "id": "lodar0_g",
        "name": "Forest guardian",
        "unique": 1,
        "iconID": "monsters_tometik5:80",
        "spawnGroup": "lodar0_g",
        "phraseID": "lodar0_g"
    },
    {
        "id": "lodar_fg1",
        "name": "Feygard guard",
        "unique": 1,
        "iconID": "monsters_rltiles3:14",
        "spawnGroup": "lodar_fg1",
        "phraseID": "lodar_fg1"
    },
    {
        "id": "lodar_fg2",
        "name": "Rambling Feygard guard",
        "iconID": "monsters_rltiles3:14",
        "spawnGroup": "lodar_fg2",
        "phraseID": "lodar_fg2"
    },
    {
        "id": "lodar_fg3",
        "name": "Afflicted Feygard guard",
        "maxHP": 212,
        "unique": 1,
        "attackDamage": {
            "min": 1,
            "max": 11
        },
        "iconID": "monsters_rltiles3:14",
        "droplistID": "lodar_fg",
        "spawnGroup": "lodar_fg3",
        "phraseID": "lodar_fg3",
        "attackCost": 3,
        "attackChance": 75,
        "blockChance": 90,
        "damageResistance": 3,
        "criticalSkill": 20,
        "criticalMultiplier": 3
    },
    {
        "id": "lodar_fg4",
        "name": "Insane Feygard guard",
        "maxHP": 212,
        "unique": 1,
        "attackDamage": {
            "min": 1,
            "max": 11
        },
        "iconID": "monsters_rltiles3:14",
        "droplistID": "lodar_fg",
        "spawnGroup": "lodar_fg4",
        "phraseID": "lodar_fg4",
        "attackCost": 3,
        "attackChance": 75,
        "blockChance": 90,
        "damageResistance": 3,
        "criticalSkill": 20,
        "criticalMultiplier": 3
    }
]
