[
    {
        "id": "mikhail",
        "iconID": "monsters_mage2:0",
        "name": "Mikhail",
        "spawnGroup": "mikhail",
        "monsterClass": "humanoid",
        "phraseID": "mikhail_start_select"
    },
    {
        "id": "leta",
        "iconID": "monsters_men:2",
        "name": "Leta",
        "spawnGroup": "leta",
        "monsterClass": "humanoid",
        "phraseID": "leta1"
    },
    {
        "id": "audir",
        "iconID": "monsters_men:0",
        "name": "Audir",
        "spawnGroup": "audir",
        "monsterClass": "humanoid",
        "droplistID": "shop_audir",
        "phraseID": "audir1"
    },
    {
        "id": "arambold",
        "iconID": "monsters_men:3",
        "name": "Arambold",
        "spawnGroup": "arambold",
        "monsterClass": "humanoid",
        "droplistID": "shop_arambold",
        "phraseID": "arambold1"
    },
    {
        "id": "tharal",
        "iconID": "monsters_men:4",
        "name": "Tharal",
        "spawnGroup": "tharal",
        "monsterClass": "humanoid",
        "droplistID": "shop_tharal",
        "phraseID": "tharal1"
    },
    {
        "id": "drunk",
        "iconID": "monsters_rltiles3:14",
        "name": "Drunk",
        "spawnGroup": "drunk",
        "monsterClass": "humanoid",
        "phraseID": "drunk1"
    },
    {
        "id": "mara",
        "iconID": "monsters_men:7",
        "name": "Mara",
        "spawnGroup": "mara",
        "monsterClass": "humanoid",
        "droplistID": "shop_mara",
        "phraseID": "mara1"
    },
    {
        "id": "gruil",
        "iconID": "monsters_rogue1:0",
        "name": "Gruil",
        "spawnGroup": "gruil",
        "monsterClass": "humanoid",
        "droplistID": "shop_gruil",
        "phraseID": "gruil1"
    },
    {
        "id": "leonid",
        "iconID": "monsters_men:3",
        "name": "Leonid",
        "spawnGroup": "leonid",
        "monsterClass": "humanoid",
        "phraseID": "leonid1"
    },
    {
        "id": "farmer",
        "iconID": "monsters_man1:0",
        "name": "Farmer",
        "spawnGroup": "crossglen_farmer1",
        "monsterClass": "humanoid",
        "phraseID": "farm1"
    },
    {
        "id": "tired_farmer",
        "iconID": "monsters_man1:0",
        "name": "Tired farmer",
        "spawnGroup": "crossglen_farmer2",
        "monsterClass": "humanoid",
        "phraseID": "farm2"
    },
    {
        "id": "oromir",
        "iconID": "monsters_man1:0",
        "name": "Oromir",
        "spawnGroup": "oromir",
        "monsterClass": "humanoid",
        "phraseID": "oromir1"
    },
    {
        "id": "odair",
        "iconID": "monsters_men:8",
        "name": "Odair",
        "spawnGroup": "odair",
        "monsterClass": "humanoid",
        "phraseID": "odair1"
    },
    {
        "id": "jan",
        "iconID": "monsters_rltiles3:14",
        "name": "Jan",
        "spawnGroup": "jan",
        "monsterClass": "humanoid",
        "phraseID": "jan_start_select"
    }
]
