[
    {
        "id": "warden",
        "iconID": "monsters_men:3",
        "name": "Warden",
        "spawnGroup": "fallhaven_warden",
        "monsterClass": "humanoid",
        "phraseID": "fallhaven_warden_select_1"
    },
    {
        "id": "guard",
        "iconID": "monsters_rltiles3:14",
        "name": "Guard",
        "spawnGroup": "fallhaven_guard",
        "monsterClass": "humanoid",
        "phraseID": "fallhaven_guard"
    },
    {
        "id": "acolyte",
        "iconID": "monsters_men:4",
        "name": "Acolyte",
        "spawnGroup": "fallhaven_priest",
        "monsterClass": "humanoid",
        "phraseID": "fallhaven_priest"
    },
    {
        "id": "bearded_citizen",
        "iconID": "monsters_man1:0",
        "name": "Bearded Citizen",
        "spawnGroup": "fallhaven_citizen1",
        "monsterClass": "humanoid",
        "phraseID": "fallhaven_citizen1"
    },
    {
        "id": "old_citizen",
        "iconID": "monsters_men:2",
        "name": "Old Citizen",
        "spawnGroup": "fallhaven_citizen2",
        "monsterClass": "humanoid",
        "phraseID": "fallhaven_citizen2"
    },
    {
        "id": "tired_citizen",
        "iconID": "monsters_men:7",
        "name": "Tired Citizen",
        "spawnGroup": "fallhaven_citizen4",
        "monsterClass": "humanoid",
        "phraseID": "fallhaven_citizen4"
    },
    {
        "id": "citizen",
        "iconID": "monsters_man1:0",
        "name": "Citizen",
        "spawnGroup": "fallhaven_citizen3",
        "monsterClass": "humanoid",
        "phraseID": "fallhaven_citizen3"
    },
    {
        "id": "grumpy_citizen",
        "iconID": "monsters_men:2",
        "name": "Grumpy Citizen",
        "spawnGroup": "fallhaven_citizen5",
        "monsterClass": "humanoid",
        "phraseID": "fallhaven_citizen5"
    },
    {
        "id": "blond_citizen",
        "iconID": "monsters_men:7",
        "name": "Blond Citizen",
        "spawnGroup": "fallhaven_citizen6",
        "monsterClass": "humanoid",
        "phraseID": "fallhaven_citizen6"
    },
    {
        "id": "bucus",
        "iconID": "monsters_rogue1:0",
        "name": "Bucus",
        "spawnGroup": "bucus",
        "monsterClass": "humanoid",
        "phraseID": "bucus_welcome"
    },
    {
        "id": "drunkard",
        "iconID": "monsters_men:0",
        "name": "Drunkard",
        "spawnGroup": "fallhaven_drunk",
        "monsterClass": "humanoid",
        "phraseID": "fallhaven_drunk"
    },
    {
        "id": "old_man",
        "iconID": "monsters_men:5",
        "name": "Old man",
        "spawnGroup": "fallhaven_oldman",
        "monsterClass": "humanoid",
        "phraseID": "fallhaven_oldman"
    },
    {
        "id": "nocmar",
        "iconID": "monsters_men:8",
        "name": "Nocmar",
        "spawnGroup": "nocmar",
        "monsterClass": "humanoid",
        "droplistID": "nocmar",
        "phraseID": "nocmar"
    },
    {
        "id": "prisoner",
        "iconID": "monsters_rogue1:0",
        "name": "Prisoner",
        "spawnGroup": "fallhaven_prisoner",
        "monsterClass": "humanoid",
        "maxHP": 1,
        "maxAP": 1,
        "moveCost": 1,
        "attackCost": 1,
        "attackChance": 0
    },
    {
        "id": "ganos",
        "iconID": "monsters_rogue1:0",
        "name": "Ganos",
        "spawnGroup": "ganos",
        "monsterClass": "humanoid",
        "droplistID": "shop_ganos",
        "phraseID": "ganos"
    },
    {
        "id": "arcir",
        "iconID": "monsters_mage2:0",
        "name": "Arcir",
        "spawnGroup": "arcir",
        "monsterClass": "humanoid",
        "phraseID": "arcir_start"
    },
    {
        "id": "athamyr",
        "iconID": "monsters_men:4",
        "name": "Athamyr",
        "spawnGroup": "athamyr",
        "monsterClass": "humanoid",
        "phraseID": "athamyr"
    },
    {
        "id": "thoronir",
        "iconID": "monsters_men2:8",
        "name": "Thoronir",
        "spawnGroup": "thoronir",
        "monsterClass": "humanoid",
        "droplistID": "shop_thoronir",
        "phraseID": "thoronir_default"
    },
    {
        "id": "chapelgoer",
        "iconID": "monsters_men:6",
        "name": "Mourning woman",
        "spawnGroup": "chapelgoer",
        "monsterClass": "humanoid",
        "phraseID": "chapelgoer"
    },
    {
        "id": "potion_merchant",
        "iconID": "monsters_mage2:0",
        "name": "Potion merchant",
        "spawnGroup": "fallhaven_potions",
        "monsterClass": "humanoid",
        "droplistID": "shop_fallhaven_potions",
        "phraseID": "fallhaven_potions"
    },
    {
        "id": "tailor",
        "iconID": "monsters_men2:0",
        "name": "Tailor",
        "spawnGroup": "fallhaven_clothes",
        "monsterClass": "humanoid",
        "droplistID": "shop_fallhaven_clothes",
        "phraseID": "fallhaven_clothes"
    },
    {
        "id": "bela",
        "iconID": "monsters_men:7",
        "name": "Bela",
        "spawnGroup": "bela",
        "monsterClass": "humanoid",
        "droplistID": "shop_bela",
        "phraseID": "bela"
    },
    {
        "id": "larcal",
        "iconID": "monsters_men2:2",
        "name": "Larcal",
        "spawnGroup": "larcal",
        "monsterClass": "humanoid",
        "unique": 1,
        "maxHP": 51,
        "maxAP": 10,
        "moveCost": 10,
        "attackCost": 10,
        "attackChance": 25,
        "blockChance": 50,
        "droplistID": "larcal",
        "phraseID": "larcal",
        "attackDamage": {
            "min": 1,
            "max": 2
        }
    },
    {
        "id": "gaela",
        "iconID": "monsters_men2:9",
        "name": "Gaela",
        "spawnGroup": "gaela",
        "monsterClass": "humanoid",
        "phraseID": "gaela"
    },
    {
        "id": "unnmir",
        "iconID": "monsters_mage2:0",
        "name": "Unnmir",
        "spawnGroup": "unnmir",
        "monsterClass": "humanoid",
        "phraseID": "unnmir"
    },
    {
        "id": "rigmor",
        "iconID": "monsters_men:1",
        "name": "Rigmor",
        "spawnGroup": "rigmor",
        "monsterClass": "humanoid",
        "phraseID": "rigmor"
    },
    {
        "id": "jakrar",
        "iconID": "monsters_men2:2",
        "name": "Jakrar",
        "spawnGroup": "fallhaven_lumberjack",
        "monsterClass": "humanoid",
        "phraseID": "fallhaven_lumberjack",
        "droplistID":"shop_fallhaven_lumberjack"
    },
    {
        "id": "alaun",
        "iconID": "monsters_mage2:0",
        "name": "Alaun",
        "spawnGroup": "alaun",
        "monsterClass": "humanoid",
        "phraseID": "alaun"
    },
    {
        "id": "busy_farmer",
        "iconID": "monsters_man1:0",
        "name": "Busy Farmer",
        "spawnGroup": "fallhaven_farmer1",
        "monsterClass": "humanoid",
        "phraseID": "fallhaven_farmer1"
    },
    {
        "id": "old_farmer",
        "iconID": "monsters_mage2:0",
        "name": "Old Farmer",
        "spawnGroup": "fallhaven_farmer2",
        "monsterClass": "humanoid",
        "phraseID": "fallhaven_farmer2"
    },
    {
        "id": "khorand",
        "iconID": "monsters_men:3",
        "name": "Khorand",
        "spawnGroup": "khorand",
        "monsterClass": "humanoid",
        "phraseID": "khorand"
    },
    {
        "id": "vacor",
        "iconID": "monsters_mage:0",
        "name": "Vacor",
        "spawnGroup": "vacor",
        "monsterClass": "humanoid",
        "unique": 1,
        "maxHP": 72,
        "attackCost": 5,
        "attackChance": 110,
        "blockChance": 40,
        "damageResistance": 2,
        "droplistID": "vacor",
        "phraseID": "vacor",
        "attackDamage": {
            "min": 4,
            "max": 8
        }
    },
    {
        "id": "unzel",
        "iconID": "monsters_men:8",
        "name": "Unzel",
        "spawnGroup": "unzel",
        "monsterClass": "humanoid",
        "unique": 1,
        "maxHP": 59,
        "attackCost": 10,
        "attackChance": 80,
        "criticalSkill": 30,
        "criticalMultiplier": 3,
        "blockChance": 40,
        "damageResistance": 2,
        "droplistID": "unzel",
        "phraseID": "unzel",
        "attackDamage": {
            "min": 5,
            "max": 9
        }
    },
    {
        "id": "shady_bandit",
        "iconID": "monsters_men2:9",
        "name": "Shady Bandit",
        "spawnGroup": "fallhaven_bandit",
        "monsterClass": "humanoid",
        "unique": 1,
        "maxHP": 45,
        "attackCost": 5,
        "attackChance": 70,
        "criticalSkill": 30,
        "criticalMultiplier": 3,
        "blockChance": 50,
        "damageResistance": 2,
        "droplistID": "fallhaven_bandit",
        "phraseID": "fallhaven_bandit",
        "attackDamage": {
            "min": 3,
            "max": 9
        }
    }
]
