[
    {
        "id": "ulirfendor",
        "iconID": "monsters_rltiles1:84",
        "name": "Ulirfendor",
        "spawnGroup": "ulirfendor",
        "monsterClass": "humanoid",
        "unique": 1,
        "maxHP": 288,
        "maxAP": 10,
        "moveCost": 5,
        "attackCost": 3,
        "attackChance": 70,
        "criticalSkill": 30,
        "criticalMultiplier": 2,
        "blockChance": 60,
        "damageResistance": 6,
        "droplistID": "ulirfendor",
        "phraseID": "ulirfendor",
        "attackDamage": {
            "min": 1,
            "max": 16
        }
    },
    {
        "id": "gylew",
        "iconID": "monsters_mage2:0",
        "name": "Gylew",
        "spawnGroup": "gylew",
        "monsterClass": "humanoid",
        "phraseID": "gylew"
    },
    {
        "id": "gylew_henchman",
        "iconID": "monsters_men:8",
        "name": "Gylew's henchman",
        "spawnGroup": "gylew_henchman",
        "monsterClass": "humanoid",
        "phraseID": "gylew_henchman"
    },
    {
        "id": "toszylae",
        "iconID": "monsters_liches:1",
        "name": "Toszylae",
        "spawnGroup": "toszylae",
        "monsterClass": "undead",
        "unique": 1,
        "maxHP": 207,
        "maxAP": 8,
        "moveCost": 5,
        "attackCost": 2,
        "attackChance": 80,
        "criticalSkill": 40,
        "criticalMultiplier": 2,
        "blockChance": 120,
        "damageResistance": 4,
        "droplistID": "toszylae",
        "phraseID": "toszylae",
        "attackDamage": {
            "min": 2,
            "max": 7
        },
        "hitEffect": {
            "increaseCurrentHP": {
                "min": 6,
                "max": 6
            },
            "conditionsTarget": [
                {
                    "condition": "feebleness_minor",
                    "magnitude": 3,
                    "duration": 3,
                    "chance": 20
                }
            ]
        }
    },
    {
        "id": "toszylae_guard",
        "iconID": "monsters_rltiles1:20",
        "name": "Radiant guardian",
        "spawnGroup": "toszylae_guard",
        "monsterClass": "demon",
        "unique": 1,
        "maxHP": 320,
        "maxAP": 10,
        "moveCost": 5,
        "attackCost": 3,
        "attackChance": 80,
        "criticalSkill": 40,
        "criticalMultiplier": 2,
        "blockChance": 120,
        "damageResistance": 4,
        "droplistID": "toszylae_guard",
        "phraseID": "toszylae_guard",
        "attackDamage": {
            "min": 2,
            "max": 7
        },
        "hitEffect": {
            "increaseCurrentHP": {
                "min": 5,
                "max": 5
            },
            "conditionsTarget": [
                {
                    "condition": "feebleness_minor",
                    "magnitude": 2,
                    "duration": 3,
                    "chance": 20
                }
            ]
        }
    },
    {
        "id": "thorin",
        "iconID": "monsters_rltiles1:66",
        "name": "Thorin",
        "spawnGroup": "thorin",
        "monsterClass": "humanoid",
        "droplistID": "shop_thorin",
        "phraseID": "thorin"
    },
    {
        "id": "lonelyhouse_sp",
        "iconID": "monsters_rats:1",
        "name": "Basement rat",
        "spawnGroup": "lonelyhouse_sp",
        "monsterClass": "animal",
        "unique": 1,
        "maxHP": 79,
        "maxAP": 10,
        "moveCost": 5,
        "attackCost": 3,
        "attackChance": 125,
        "blockChance": 180,
        "damageResistance": 4,
        "droplistID": "lonelyhouse_sp",
        "attackDamage": {
            "min": 2,
            "max": 9
        }
    },
    {
        "id": "algangror",
        "iconID": "monsters_rltiles1:68",
        "name": "Algangror",
        "spawnGroup": "algangror",
        "monsterClass": "humanoid",
        "unique": 1,
        "maxHP": 241,
        "maxAP": 10,
        "moveCost": 5,
        "attackCost": 3,
        "attackChance": 80,
        "criticalSkill": 200,
        "criticalMultiplier": 2,
        "blockChance": 120,
        "damageResistance": 4,
        "droplistID": "algangror",
        "phraseID": "algangror",
        "attackDamage": {
            "min": 3,
            "max": 9
        }
    },
    {
        "id": "remgard_bridge",
        "iconID": "monsters_men2:4",
        "name": "Bridge lookout",
        "spawnGroup": "remgard_bridge",
        "monsterClass": "humanoid",
        "unique": 1,
        "phraseID": "remgard_bridge"
    }
]
