[
  {
    "id": "antifoodp",
    "name": "Taste is everything",
    "showInLog": 1,
    "stages": [
      {
        "logText": "I should visit the potion-maker in Fallhaven and ask for something to help against food poisoning.",
        "progress": 10
      },
      {
        "logText": "The potion-maker in Fallhaven can create potions that help against food-poisoning.",
        "progress": 15
      },
      {
        "logText": "I should bring him a poison gland, two pieces of animal hair and 50 gold pieces, and he'll create a potion for me.",
        "progress": 20
      },
      {
        "progress": 30,
        "logText": "I have brought the ingredients for the potion.",
        "rewardExperience": 200
      },
      {
        "progress": 35,
        "logText": "I received a potion of antidote, that should help me if I get food-poisoning."
      },
      {
        "progress": 40,
        "logText": "I can bring him more ingredients if I want him to create more antidote potions in the future.",
        "finishesQuest": 1
      }
    ]
  }
]
