[
  {
    "id": "lowyna",
    "name": "Sweet sweet rat poison",
    "showInLog": 1,
    "stages": [
      {
        "logText": "Among some huts to the west of the Duleian road, I met a man called two-teeth. He wants me to go get him something called Rat poison from Lowyna. I can find her in one of the other huts.",
        "progress": 10
      },
      {
        "progress": 20,
        "logText": "Lowyna will now allow me to trade with her."
      },
      {
        "progress": 40,
        "logText": "I have given some rat poison to two-teeth.",
        "rewardExperience": 500,
        "finishesQuest": 1
      }
    ]
  },
  {
    "id": "lleglaris",
    "name": "Long lost memories",
    "showInLog": 1,
    "stages": [
      {
        "progress": 10,
        "logText": "In a cabin just off the Duleian road northwest of the Foaming Flask tavern, I met a man called Lleglaris. He wants me to retrieve an amulet that he has lost."
      },
      {
        "progress": 15,
        "logText": "The amulet can be found in a cave infested with undead to the east of his cabin. He said something about the ground having been corrupted around that cave. I don't know what he meant."
      },
      {
        "progress": 30,
        "logText": "I have given the amulet back to Lleglaris."
      },
      {
        "progress": 40,
        "logText": "As thanks, Lleglaris offered to trade some of his items with me.",
        "finishesQuest": 1,
        "rewardExperience": 3000
      }
    ]
  }
]