[
    {
        "id": "nondisplay",
        "name": "Placeholder for hidden quest stages (not displayed)",
        "showInLog": 0,
        "stages": [
            {
                "progress": 5,
                "logText": "Back area of the smith in Crossglen"
            },
            {
                "progress": 10,
                "logText": "Tavern room in Foaming Flask"
            },
            {
                "progress": 16,
                "logText": "Sleeping quarters in Blackwater mountain"
            },
            {
                "progress": 17,
                "logText": "Sleeping quarters in Crossroads1"
            },
            {
                "progress": 18,
                "logText": "Shopping from Minarra in Crossroads tower"
            },
            {
                "progress": 19,
                "logText": "Sleeping quarters in Loneford10"
            },
            {
                "progress": 20,
                "logText": "Selling Izthiel claws to Gauward"
            },
            {
                "progress": 21,
                "logText": "Tavern room in Remgard"
            }
        ]
    },
    {
        "id": "crossglen",
        "name": "TODO",
        "showInLog": 0,
        "stages": [
            {
                "progress": 1,
                "finishesQuest": 0
            }
        ]
    },
    {
        "id": "fallhaventavern",
        "name": "Room to rent",
        "showInLog": 0,
        "stages": [
            {
                "progress": 10,
                "finishesQuest": 1
            },
            {
                "progress": 20
            }
        ]
    },
    {
        "id": "arcir",
        "name": "Elythara",
        "showInLog": 0,
        "stages": [
            {
                "progress": 10,
                "finishesQuest": 0
            }
        ]
    }
]
