[
    {
        "id": "thorin",
        "name": "Bits and pieces",
        "showInLog": 1,
        "stages": [
            {
                "progress": 20,
                "logText": "In a cave to the east, I found a man called Thorin, that wants me to help him find the remains of his former travelling companions. I should find the remains of all six of them and return them to him."
            },
            {
                "progress": 31,
                "logText": "I have found some skeletal remains in the same cave that I met Thorin in."
            },
            {
                "progress": 32,
                "logText": "I have found some skeletal remains in the same cave that I met Thorin in."
            },
            {
                "progress": 33,
                "logText": "I have found some skeletal remains in the same cave that I met Thorin in."
            },
            {
                "progress": 34,
                "logText": "I have found some skeletal remains in the same cave that I met Thorin in."
            },
            {
                "progress": 35,
                "logText": "I have found some skeletal remains in the same cave that I met Thorin in."
            },
            {
                "progress": 36,
                "logText": "I have found some skeletal remains in the same cave that I met Thorin in."
            },
            {
                "progress": 40,
                "logText": "Thorin thanked me for helping him. In return, he has allowed me to use his bed to rest, and is willing to sell me some of his potions.",
                "rewardExperience": 4000,
                "finishesQuest": 1
            }
        ]
    },
    {
        "id": "algangror",
        "name": "Of mice and men",
        "showInLog": 1,
        "stages": [
            {
                "progress": 10,
                "logText": "In a lonely house on a peninsula at the northern shore of lake Laeroth up in the mountains to the north-east, I met a woman called Algangror."
            },
            {
                "progress": 11,
                "logText": "She has a rodent problem and needs help dealing with some of them that she has trapped in her basement."
            },
            {
                "progress": 15,
                "logText": "I have agreed to help Algangror deal with her rodent problem. I should return to her when I have killed all six rodents in her basement."
            },
            {
                "progress": 20,
                "logText": "Algangror thanked me for helping her with her problem.",
                "rewardExperience": 5000
            },
            {
                "progress": 21,
                "logText": "She also told me not to talk to anyone in Remgard about her whereabouts. Apparently, they are looking for her for some reason that she would not say. Under no circumstances should I tell anyone where she is.",
                "finishesQuest": 1
            },
            {
                "progress": 100,
                "logText": "I will not help Algangror with her task.",
                "finishesQuest": 1
            },
            {
                "progress": 101,
                "logText": "Algangror won't talk to me, and I will be unable to help her with her task.",
                "finishesQuest": 1
            }
        ]
    }
]
